[{"idascApp":1, "AppName":"DictA", "AppDisplayVal":"DictA ~ \u9ed8\u66f8\u5bf6", "AppDisplaySort":1010, "AppIsRelease":"N", "AppReleaseDate":"", "AppPrefix":"ascDict", "AppDesc":"Dictation - Listen clip, free hand dictate, submit to address and update dictation result.", "AppKey":"a953aac2-aa6c-11e7-b433-000c29d02d18", "AppVer":"3.1"},
 {"idascApp":8, "AppName":"FantaZ", "AppDisplayVal":"FantaZ", "AppDisplaySort":1020, "AppIsRelease":"N", "AppReleaseDate":"", "AppPrefix":"ascFanta", "AppDesc":"Fantasy basketball. Statistics accumulated game", "AppKey":"0b00faea-aa75-11e7-889b-000c29d02d18", "AppVer":"1.0"}]