[{"idascFanta_UserRoster":1, "ascFanta_TeamID":"8517b6b7-358c-11e9-b3a8-000c29d02d18", "ascFanta_TeamName":"comeon", "ascFanta_Group":"", "ascFanta_GroupKey":"", "ascFanta_TxGmDate":"2019-02-20", "ascFanta_TxTimestamp":"", "ascFanta_XchPos":"G1", "ascFanta_fmPlayerID":"", "ascFanta_toPlayerID":"1", "ascFanta_XchType":"NewInit", "ascFanta_TradeToken":0, "ascFanta_TradeTokenKey":"", "ascFanta_fmPlayerValue":"", "ascFanta_fmPlayerValueKey":"", "ascFanta_toPlayerValue":"0", "ascFanta_toPlayerValueKey":"", "ascFanta_fmUTValue":45.0, "ascFanta_toUTValue":45.0, "ascFanta_UTValueChange":0.0, "ascFanta_TxKey":"b660a1d2-35c0-11e9-b3a8-000c29d02d18"},
 {"idascFanta_UserRoster":2, "ascFanta_TeamID":"8517b6b7-358c-11e9-b3a8-000c29d02d18", "ascFanta_TeamName":"comeon", "ascFanta_Group":"", "ascFanta_GroupKey":"", "ascFanta_TxGmDate":"2019-02-20", "ascFanta_TxTimestamp":"", "ascFanta_XchPos":"G2", "ascFanta_fmPlayerID":"", "ascFanta_toPlayerID":"2", "ascFanta_XchType":"NewInit", "ascFanta_TradeToken":0, "ascFanta_TradeTokenKey":"", "ascFanta_fmPlayerValue":"", "ascFanta_fmPlayerValueKey":"", "ascFanta_toPlayerValue":"0", "ascFanta_toPlayerValueKey":"", "ascFanta_fmUTValue":45.0, "ascFanta_toUTValue":45.0, "ascFanta_UTValueChange":0.0, "ascFanta_TxKey":"b660a2eb-35c0-11e9-b3a8-000c29d02d18"},
 {"idascFanta_UserRoster":3, "ascFanta_TeamID":"8517b6b7-358c-11e9-b3a8-000c29d02d18", "ascFanta_TeamName":"comeon", "ascFanta_Group":"", "ascFanta_GroupKey":"", "ascFanta_TxGmDate":"2019-02-20", "ascFanta_TxTimestamp":"", "ascFanta_XchPos":"F1", "ascFanta_fmPlayerID":"", "ascFanta_toPlayerID":"3", "ascFanta_XchType":"NewInit", "ascFanta_TradeToken":0, "ascFanta_TradeTokenKey":"", "ascFanta_fmPlayerValue":"", "ascFanta_fmPlayerValueKey":"", "ascFanta_toPlayerValue":"0", "ascFanta_toPlayerValueKey":"", "ascFanta_fmUTValue":45.0, "ascFanta_toUTValue":45.0, "ascFanta_UTValueChange":0.0, "ascFanta_TxKey":"b660a344-35c0-11e9-b3a8-000c29d02d18"},
 {"idascFanta_UserRoster":4, "ascFanta_TeamID":"8517b6b7-358c-11e9-b3a8-000c29d02d18", "ascFanta_TeamName":"comeon", "ascFanta_Group":"", "ascFanta_GroupKey":"", "ascFanta_TxGmDate":"2019-02-20", "ascFanta_TxTimestamp":"", "ascFanta_XchPos":"F2", "ascFanta_fmPlayerID":"", "ascFanta_toPlayerID":"4", "ascFanta_XchType":"NewInit", "ascFanta_TradeToken":0, "ascFanta_TradeTokenKey":"", "ascFanta_fmPlayerValue":"", "ascFanta_fmPlayerValueKey":"", "ascFanta_toPlayerValue":"0", "ascFanta_toPlayerValueKey":"", "ascFanta_fmUTValue":45.0, "ascFanta_toUTValue":45.0, "ascFanta_UTValueChange":0.0, "ascFanta_TxKey":"b660a394-35c0-11e9-b3a8-000c29d02d18"},
 {"idascFanta_UserRoster":5, "ascFanta_TeamID":"8517b6b7-358c-11e9-b3a8-000c29d02d18", "ascFanta_TeamName":"comeon", "ascFanta_Group":"", "ascFanta_GroupKey":"", "ascFanta_TxGmDate":"2019-02-20", "ascFanta_TxTimestamp":"", "ascFanta_XchPos":"C1", "ascFanta_fmPlayerID":"", "ascFanta_toPlayerID":"5", "ascFanta_XchType":"NewInit", "ascFanta_TradeToken":0, "ascFanta_TradeTokenKey":"", "ascFanta_fmPlayerValue":"", "ascFanta_fmPlayerValueKey":"", "ascFanta_toPlayerValue":"0", "ascFanta_toPlayerValueKey":"", "ascFanta_fmUTValue":45.0, "ascFanta_toUTValue":45.0, "ascFanta_UTValueChange":0.0, "ascFanta_TxKey":"b660a3e4-35c0-11e9-b3a8-000c29d02d18"},
 {"idascFanta_UserRoster":6, "ascFanta_TeamID":"8517b6b7-358c-11e9-b3a8-000c29d02d18", "ascFanta_TeamName":"comeon", "ascFanta_Group":"", "ascFanta_GroupKey":"", "ascFanta_TxGmDate":"2019-02-20", "ascFanta_TxTimestamp":"", "ascFanta_XchPos":"B1", "ascFanta_fmPlayerID":"", "ascFanta_toPlayerID":"6", "ascFanta_XchType":"NewInit", "ascFanta_TradeToken":0, "ascFanta_TradeTokenKey":"", "ascFanta_fmPlayerValue":"", "ascFanta_fmPlayerValueKey":"", "ascFanta_toPlayerValue":"0", "ascFanta_toPlayerValueKey":"", "ascFanta_fmUTValue":45.0, "ascFanta_toUTValue":45.0, "ascFanta_UTValueChange":0.0, "ascFanta_TxKey":"b660a433-35c0-11e9-b3a8-000c29d02d18"},
 {"idascFanta_UserRoster":7, "ascFanta_TeamID":"ca9e8ee9-2122-11e9-9198-000c29d02d18", "ascFanta_TeamName":"treeroot", "ascFanta_Group":"", "ascFanta_GroupKey":"", "ascFanta_TxGmDate":"2019-02-18", "ascFanta_TxTimestamp":"", "ascFanta_XchPos":"G1", "ascFanta_fmPlayerID":"1", "ascFanta_toPlayerID":"201609", "ascFanta_XchType":"Buy", "ascFanta_TradeToken":0, "ascFanta_TradeTokenKey":"", "ascFanta_fmPlayerValue":"0", "ascFanta_fmPlayerValueKey":"", "ascFanta_toPlayerValue":"1.9", "ascFanta_toPlayerValueKey":"", "ascFanta_fmUTValue":45.0, "ascFanta_toUTValue":43.1, "ascFanta_UTValueChange":-1.9, "ascFanta_TxKey":"6c0148de-3994-11e9-be1d-000c29d02d18"},
 {"idascFanta_UserRoster":8, "ascFanta_TeamID":"ca9e8ee9-2122-11e9-9198-000c29d02d18", "ascFanta_TeamName":"treeroot", "ascFanta_Group":"", "ascFanta_GroupKey":"", "ascFanta_TxGmDate":"2019-02-18", "ascFanta_TxTimestamp":"", "ascFanta_XchPos":"G2", "ascFanta_fmPlayerID":"2", "ascFanta_toPlayerID":"202325", "ascFanta_XchType":"Buy", "ascFanta_TradeToken":0, "ascFanta_TradeTokenKey":"", "ascFanta_fmPlayerValue":"0", "ascFanta_fmPlayerValueKey":"", "ascFanta_toPlayerValue":"1.1", "ascFanta_toPlayerValueKey":"", "ascFanta_fmUTValue":43.1, "ascFanta_toUTValue":42.0, "ascFanta_UTValueChange":-1.1, "ascFanta_TxKey":"6c014a0b-3994-11e9-be1d-000c29d02d18"},
 {"idascFanta_UserRoster":9, "ascFanta_TeamID":"ca9e8ee9-2122-11e9-9198-000c29d02d18", "ascFanta_TeamName":"treeroot", "ascFanta_Group":"", "ascFanta_GroupKey":"", "ascFanta_TxGmDate":"2019-02-20", "ascFanta_TxTimestamp":"", "ascFanta_XchPos":"F1", "ascFanta_fmPlayerID":"3", "ascFanta_toPlayerID":"201933", "ascFanta_XchType":"Buy", "ascFanta_TradeToken":0, "ascFanta_TradeTokenKey":"", "ascFanta_fmPlayerValue":"0", "ascFanta_fmPlayerValueKey":"", "ascFanta_toPlayerValue":"10.3", "ascFanta_toPlayerValueKey":"", "ascFanta_fmUTValue":42.0, "ascFanta_toUTValue":31.7, "ascFanta_UTValueChange":-10.3, "ascFanta_TxKey":"6c014a4d-3994-11e9-be1d-000c29d02d18"},
 {"idascFanta_UserRoster":10, "ascFanta_TeamID":"ca9e8ee9-2122-11e9-9198-000c29d02d18", "ascFanta_TeamName":"treeroot", "ascFanta_Group":"", "ascFanta_GroupKey":"", "ascFanta_TxGmDate":"2019-02-18", "ascFanta_TxTimestamp":"", "ascFanta_XchPos":"F2", "ascFanta_fmPlayerID":"4", "ascFanta_toPlayerID":"202330", "ascFanta_XchType":"Buy", "ascFanta_TradeToken":0, "ascFanta_TradeTokenKey":"", "ascFanta_fmPlayerValue":"0", "ascFanta_fmPlayerValueKey":"", "ascFanta_toPlayerValue":"5.6", "ascFanta_toPlayerValueKey":"", "ascFanta_fmUTValue":31.7, "ascFanta_toUTValue":26.1, "ascFanta_UTValueChange":-5.6, "ascFanta_TxKey":"6c014a88-3994-11e9-be1d-000c29d02d18"},
 {"idascFanta_UserRoster":11, "ascFanta_TeamID":"ca9e8ee9-2122-11e9-9198-000c29d02d18", "ascFanta_TeamName":"treeroot", "ascFanta_Group":"", "ascFanta_GroupKey":"", "ascFanta_TxGmDate":"2019-02-19", "ascFanta_TxTimestamp":"", "ascFanta_XchPos":"C1", "ascFanta_fmPlayerID":"5", "ascFanta_toPlayerID":"203076", "ascFanta_XchType":"Buy", "ascFanta_TradeToken":0, "ascFanta_TradeTokenKey":"", "ascFanta_fmPlayerValue":"0", "ascFanta_fmPlayerValueKey":"", "ascFanta_toPlayerValue":"12.7", "ascFanta_toPlayerValueKey":"", "ascFanta_fmUTValue":26.1, "ascFanta_toUTValue":13.4, "ascFanta_UTValueChange":-12.7, "ascFanta_TxKey":"6c014ac0-3994-11e9-be1d-000c29d02d18"},
 {"idascFanta_UserRoster":12, "ascFanta_TeamID":"ca9e8ee9-2122-11e9-9198-000c29d02d18", "ascFanta_TeamName":"treeroot", "ascFanta_Group":"", "ascFanta_GroupKey":"", "ascFanta_TxGmDate":"2019-02-18", "ascFanta_TxTimestamp":"", "ascFanta_XchPos":"B1", "ascFanta_fmPlayerID":"6", "ascFanta_toPlayerID":"203613", "ascFanta_XchType":"Buy", "ascFanta_TradeToken":0, "ascFanta_TradeTokenKey":"", "ascFanta_fmPlayerValue":"0", "ascFanta_fmPlayerValueKey":"", "ascFanta_toPlayerValue":"2.7", "ascFanta_toPlayerValueKey":"", "ascFanta_fmUTValue":13.4, "ascFanta_toUTValue":10.7, "ascFanta_UTValueChange":-2.7, "ascFanta_TxKey":"6c014af7-3994-11e9-be1d-000c29d02d18"},
 {"idascFanta_UserRoster":13, "ascFanta_TeamID":"06651b08-2472-11e9-bf59-000c29d02d18", "ascFanta_TeamName":"piano", "ascFanta_Group":"", "ascFanta_GroupKey":"", "ascFanta_TxGmDate":"2019-02-20", "ascFanta_TxTimestamp":"", "ascFanta_XchPos":"G1", "ascFanta_fmPlayerID":"1", "ascFanta_toPlayerID":"201935", "ascFanta_XchType":"Buy", "ascFanta_TradeToken":0, "ascFanta_TradeTokenKey":"", "ascFanta_fmPlayerValue":"0", "ascFanta_fmPlayerValueKey":"", "ascFanta_toPlayerValue":"12.8", "ascFanta_toPlayerValueKey":"", "ascFanta_fmUTValue":73.1, "ascFanta_toUTValue":60.3, "ascFanta_UTValueChange":-12.8, "ascFanta_TxKey":"6c014b2f-3994-11e9-be1d-000c29d02d18"},
 {"idascFanta_UserRoster":14, "ascFanta_TeamID":"06651b08-2472-11e9-bf59-000c29d02d18", "ascFanta_TeamName":"piano", "ascFanta_Group":"", "ascFanta_GroupKey":"", "ascFanta_TxGmDate":"2019-02-20", "ascFanta_TxTimestamp":"", "ascFanta_XchPos":"G2", "ascFanta_fmPlayerID":"2", "ascFanta_toPlayerID":"201566", "ascFanta_XchType":"Buy", "ascFanta_TradeToken":0, "ascFanta_TradeTokenKey":"", "ascFanta_fmPlayerValue":"0", "ascFanta_fmPlayerValueKey":"", "ascFanta_toPlayerValue":"11.5", "ascFanta_toPlayerValueKey":"", "ascFanta_fmUTValue":60.3, "ascFanta_toUTValue":48.8, "ascFanta_UTValueChange":-11.5, "ascFanta_TxKey":"6c014b67-3994-11e9-be1d-000c29d02d18"},
 {"idascFanta_UserRoster":15, "ascFanta_TeamID":"06651b08-2472-11e9-bf59-000c29d02d18", "ascFanta_TeamName":"piano", "ascFanta_Group":"", "ascFanta_GroupKey":"", "ascFanta_TxGmDate":"2019-02-20", "ascFanta_TxTimestamp":"", "ascFanta_XchPos":"F1", "ascFanta_fmPlayerID":"3", "ascFanta_toPlayerID":"201142", "ascFanta_XchType":"Buy", "ascFanta_TradeToken":0, "ascFanta_TradeTokenKey":"", "ascFanta_fmPlayerValue":"0", "ascFanta_fmPlayerValueKey":"", "ascFanta_toPlayerValue":"11.7", "ascFanta_toPlayerValueKey":"", "ascFanta_fmUTValue":48.8, "ascFanta_toUTValue":37.1, "ascFanta_UTValueChange":-11.5, "ascFanta_TxKey":"6c014b9f-3994-11e9-be1d-000c29d02d18"},
 {"idascFanta_UserRoster":16, "ascFanta_TeamID":"06651b08-2472-11e9-bf59-000c29d02d18", "ascFanta_TeamName":"piano", "ascFanta_Group":"", "ascFanta_GroupKey":"", "ascFanta_TxGmDate":"2019-02-20", "ascFanta_TxTimestamp":"", "ascFanta_XchPos":"F2", "ascFanta_fmPlayerID":"4", "ascFanta_toPlayerID":"203507", "ascFanta_XchType":"Buy", "ascFanta_TradeToken":0, "ascFanta_TradeTokenKey":"", "ascFanta_fmPlayerValue":"0", "ascFanta_fmPlayerValueKey":"", "ascFanta_toPlayerValue":"12.5", "ascFanta_toPlayerValueKey":"", "ascFanta_fmUTValue":37.1, "ascFanta_toUTValue":24.6, "ascFanta_UTValueChange":-12.5, "ascFanta_TxKey":"6c014bd6-3994-11e9-be1d-000c29d02d18"},
 {"idascFanta_UserRoster":17, "ascFanta_TeamID":"06651b08-2472-11e9-bf59-000c29d02d18", "ascFanta_TeamName":"piano", "ascFanta_Group":"", "ascFanta_GroupKey":"", "ascFanta_TxGmDate":"2019-02-20", "ascFanta_TxTimestamp":"", "ascFanta_XchPos":"C1", "ascFanta_fmPlayerID":"5", "ascFanta_toPlayerID":"203076", "ascFanta_XchType":"Buy", "ascFanta_TradeToken":0, "ascFanta_TradeTokenKey":"", "ascFanta_fmPlayerValue":"0", "ascFanta_fmPlayerValueKey":"", "ascFanta_toPlayerValue":"12.7", "ascFanta_toPlayerValueKey":"", "ascFanta_fmUTValue":24.6, "ascFanta_toUTValue":11.9, "ascFanta_UTValueChange":-12.7, "ascFanta_TxKey":"6c014c0c-3994-11e9-be1d-000c29d02d18"},
 {"idascFanta_UserRoster":18, "ascFanta_TeamID":"06651b08-2472-11e9-bf59-000c29d02d18", "ascFanta_TeamName":"piano", "ascFanta_Group":"", "ascFanta_GroupKey":"", "ascFanta_TxGmDate":"2019-02-20", "ascFanta_TxTimestamp":"", "ascFanta_XchPos":"B1", "ascFanta_fmPlayerID":"6", "ascFanta_toPlayerID":"203999", "ascFanta_XchType":"Buy", "ascFanta_TradeToken":0, "ascFanta_TradeTokenKey":"", "ascFanta_fmPlayerValue":"0", "ascFanta_fmPlayerValueKey":"", "ascFanta_toPlayerValue":"11.9", "ascFanta_toPlayerValueKey":"", "ascFanta_fmUTValue":11.9, "ascFanta_toUTValue":0.0, "ascFanta_UTValueChange":-11.9, "ascFanta_TxKey":"6c014c43-3994-11e9-be1d-000c29d02d18"},
 {"idascFanta_UserRoster":19, "ascFanta_TeamID":"c90da366-3b05-11e9-927e-000c29d02d18", "ascFanta_TeamName":"t1", "ascFanta_Group":"testing", "ascFanta_GroupKey":"c90da379-3b05-11e9-927e-000c29d02d18", "ascFanta_TxGmDate":"2019-02-20", "ascFanta_TxTimestamp":"", "ascFanta_XchPos":"G1", "ascFanta_fmPlayerID":"1", "ascFanta_toPlayerID":"202734", "ascFanta_XchType":"Buy", "ascFanta_TradeToken":0, "ascFanta_TradeTokenKey":"", "ascFanta_fmPlayerValue":"0", "ascFanta_fmPlayerValueKey":"", "ascFanta_toPlayerValue":"4.40", "ascFanta_toPlayerValueKey":"", "ascFanta_fmUTValue":45.0, "ascFanta_toUTValue":40.6, "ascFanta_UTValueChange":-4.4, "ascFanta_TxKey":"3da1c74a-3b0d-11e9-927e-000c29d02d18"},
 {"idascFanta_UserRoster":20, "ascFanta_TeamID":"c90da5a3-3b05-11e9-927e-000c29d02d18", "ascFanta_TeamName":"t4", "ascFanta_Group":"Others", "ascFanta_GroupKey":"c90da5a8-3b05-11e9-927e-000c29d02d18", "ascFanta_TxGmDate":"2019-02-20", "ascFanta_TxTimestamp":"", "ascFanta_XchPos":"G1", "ascFanta_fmPlayerID":"1", "ascFanta_toPlayerID":"1628443", "ascFanta_XchType":"Buy", "ascFanta_TradeToken":0, "ascFanta_TradeTokenKey":"", "ascFanta_fmPlayerValue":"0", "ascFanta_fmPlayerValueKey":"", "ascFanta_toPlayerValue":"0.50", "ascFanta_toPlayerValueKey":"", "ascFanta_fmUTValue":45.0, "ascFanta_toUTValue":44.5, "ascFanta_UTValueChange":-0.5, "ascFanta_TxKey":"3da1d32e-3b0d-11e9-927e-000c29d02d18"},
 {"idascFanta_UserRoster":21, "ascFanta_TeamID":"c90da54c-3b05-11e9-927e-000c29d02d18", "ascFanta_TeamName":"t3", "ascFanta_Group":"TMFriends", "ascFanta_GroupKey":"e1f72289-2122-11e9-9198-000c29d02d18", "ascFanta_TxGmDate":"2019-02-20", "ascFanta_TxTimestamp":"", "ascFanta_XchPos":"G1", "ascFanta_fmPlayerID":"1", "ascFanta_toPlayerID":"1628988", "ascFanta_XchType":"Buy", "ascFanta_TradeToken":0, "ascFanta_TradeTokenKey":"", "ascFanta_fmPlayerValue":"0", "ascFanta_fmPlayerValueKey":"", "ascFanta_toPlayerValue":"1.40", "ascFanta_toPlayerValueKey":"", "ascFanta_fmUTValue":45.0, "ascFanta_toUTValue":43.6, "ascFanta_UTValueChange":-1.4, "ascFanta_TxKey":"3da1d472-3b0d-11e9-927e-000c29d02d18"},
 {"idascFanta_UserRoster":22, "ascFanta_TeamID":"eefd2986-3b05-11e9-927e-000c29d02d18", "ascFanta_TeamName":"t5", "ascFanta_Group":"testing", "ascFanta_GroupKey":"c90da379-3b05-11e9-927e-000c29d02d18", "ascFanta_TxGmDate":"2019-02-20", "ascFanta_TxTimestamp":"", "ascFanta_XchPos":"G1", "ascFanta_fmPlayerID":"1", "ascFanta_toPlayerID":"1628372", "ascFanta_XchType":"Buy", "ascFanta_TradeToken":0, "ascFanta_TradeTokenKey":"", "ascFanta_fmPlayerValue":"0", "ascFanta_fmPlayerValueKey":"", "ascFanta_toPlayerValue":"3.30", "ascFanta_toPlayerValueKey":"", "ascFanta_fmUTValue":45.0, "ascFanta_toUTValue":41.7, "ascFanta_UTValueChange":-3.3, "ascFanta_TxKey":"3da1e103-3b0d-11e9-927e-000c29d02d18"},
 {"idascFanta_UserRoster":23, "ascFanta_TeamID":"c90da496-3b05-11e9-927e-000c29d02d18", "ascFanta_TeamName":"t2", "ascFanta_Group":"testing", "ascFanta_GroupKey":"c90da379-3b05-11e9-927e-000c29d02d18", "ascFanta_TxGmDate":"2019-02-20", "ascFanta_TxTimestamp":"", "ascFanta_XchPos":"G1", "ascFanta_fmPlayerID":"1", "ascFanta_toPlayerID":"203917", "ascFanta_XchType":"Buy", "ascFanta_TradeToken":0, "ascFanta_TradeTokenKey":"", "ascFanta_fmPlayerValue":"0", "ascFanta_fmPlayerValueKey":"", "ascFanta_toPlayerValue":"2.50", "ascFanta_toPlayerValueKey":"", "ascFanta_fmUTValue":45.0, "ascFanta_toUTValue":42.5, "ascFanta_UTValueChange":-2.5, "ascFanta_TxKey":"3da1e15a-3b0d-11e9-927e-000c29d02d18"},
 {"idascFanta_UserRoster":24, "ascFanta_TeamID":"c90da496-3b05-11e9-927e-000c29d02d18", "ascFanta_TeamName":"t2", "ascFanta_Group":"testing", "ascFanta_GroupKey":"c90da379-3b05-11e9-927e-000c29d02d18", "ascFanta_TxGmDate":"2019-02-20", "ascFanta_TxTimestamp":"", "ascFanta_XchPos":"G2", "ascFanta_fmPlayerID":"2", "ascFanta_toPlayerID":"203145", "ascFanta_XchType":"Buy", "ascFanta_TradeToken":0, "ascFanta_TradeTokenKey":"", "ascFanta_fmPlayerValue":"0", "ascFanta_fmPlayerValueKey":"", "ascFanta_toPlayerValue":"4.90", "ascFanta_toPlayerValueKey":"", "ascFanta_fmUTValue":45.0, "ascFanta_toUTValue":40.1, "ascFanta_UTValueChange":-4.9, "ascFanta_TxKey":"5dc9a6b4-3b0d-11e9-927e-000c29d02d18"},
 {"idascFanta_UserRoster":25, "ascFanta_TeamID":"eefd2986-3b05-11e9-927e-000c29d02d18", "ascFanta_TeamName":"t5", "ascFanta_Group":"testing", "ascFanta_GroupKey":"c90da379-3b05-11e9-927e-000c29d02d18", "ascFanta_TxGmDate":"2019-02-20", "ascFanta_TxTimestamp":"", "ascFanta_XchPos":"G2", "ascFanta_fmPlayerID":"2", "ascFanta_toPlayerID":"1627936", "ascFanta_XchType":"Buy", "ascFanta_TradeToken":0, "ascFanta_TradeTokenKey":"", "ascFanta_fmPlayerValue":"0", "ascFanta_fmPlayerValueKey":"", "ascFanta_toPlayerValue":"0.50", "ascFanta_toPlayerValueKey":"", "ascFanta_fmUTValue":45.0, "ascFanta_toUTValue":44.5, "ascFanta_UTValueChange":-0.5, "ascFanta_TxKey":"5dc9b0b9-3b0d-11e9-927e-000c29d02d18"},
 {"idascFanta_UserRoster":26, "ascFanta_TeamID":"c90da366-3b05-11e9-927e-000c29d02d18", "ascFanta_TeamName":"t1", "ascFanta_Group":"testing", "ascFanta_GroupKey":"c90da379-3b05-11e9-927e-000c29d02d18", "ascFanta_TxGmDate":"2019-02-20", "ascFanta_TxTimestamp":"", "ascFanta_XchPos":"G2", "ascFanta_fmPlayerID":"2", "ascFanta_toPlayerID":"203095", "ascFanta_XchType":"Buy", "ascFanta_TradeToken":0, "ascFanta_TradeTokenKey":"", "ascFanta_fmPlayerValue":"0", "ascFanta_fmPlayerValueKey":"", "ascFanta_toPlayerValue":"6.10", "ascFanta_toPlayerValueKey":"", "ascFanta_fmUTValue":45.0, "ascFanta_toUTValue":38.9, "ascFanta_UTValueChange":-6.1, "ascFanta_TxKey":"5dc9b5bc-3b0d-11e9-927e-000c29d02d18"},
 {"idascFanta_UserRoster":27, "ascFanta_TeamID":"c90da5a3-3b05-11e9-927e-000c29d02d18", "ascFanta_TeamName":"t4", "ascFanta_Group":"Others", "ascFanta_GroupKey":"c90da5a8-3b05-11e9-927e-000c29d02d18", "ascFanta_TxGmDate":"2019-02-20", "ascFanta_TxTimestamp":"", "ascFanta_XchPos":"G2", "ascFanta_fmPlayerID":"2", "ascFanta_toPlayerID":"203471", "ascFanta_XchType":"Buy", "ascFanta_TradeToken":0, "ascFanta_TradeTokenKey":"", "ascFanta_fmPlayerValue":"0", "ascFanta_fmPlayerValueKey":"", "ascFanta_toPlayerValue":"6.30", "ascFanta_toPlayerValueKey":"", "ascFanta_fmUTValue":45.0, "ascFanta_toUTValue":38.7, "ascFanta_UTValueChange":-6.3, "ascFanta_TxKey":"5dc9bc28-3b0d-11e9-927e-000c29d02d18"},
 {"idascFanta_UserRoster":28, "ascFanta_TeamID":"c90da54c-3b05-11e9-927e-000c29d02d18", "ascFanta_TeamName":"t3", "ascFanta_Group":"TMFriends", "ascFanta_GroupKey":"e1f72289-2122-11e9-9198-000c29d02d18", "ascFanta_TxGmDate":"2019-02-20", "ascFanta_TxTimestamp":"", "ascFanta_XchPos":"G2", "ascFanta_fmPlayerID":"2", "ascFanta_toPlayerID":"203078", "ascFanta_XchType":"Buy", "ascFanta_TradeToken":0, "ascFanta_TradeTokenKey":"", "ascFanta_fmPlayerValue":"0", "ascFanta_fmPlayerValueKey":"", "ascFanta_toPlayerValue":"9.70", "ascFanta_toPlayerValueKey":"", "ascFanta_fmUTValue":45.0, "ascFanta_toUTValue":35.3, "ascFanta_UTValueChange":-9.7, "ascFanta_TxKey":"5dc9bf6e-3b0d-11e9-927e-000c29d02d18"},
 {"idascFanta_UserRoster":29, "ascFanta_TeamID":"c90da54c-3b05-11e9-927e-000c29d02d18", "ascFanta_TeamName":"t3", "ascFanta_Group":"TMFriends", "ascFanta_GroupKey":"e1f72289-2122-11e9-9198-000c29d02d18", "ascFanta_TxGmDate":"2019-02-20", "ascFanta_TxTimestamp":"", "ascFanta_XchPos":"F2", "ascFanta_fmPlayerID":"4", "ascFanta_toPlayerID":"203944", "ascFanta_XchType":"Buy", "ascFanta_TradeToken":0, "ascFanta_TradeTokenKey":"", "ascFanta_fmPlayerValue":"0", "ascFanta_fmPlayerValueKey":"", "ascFanta_toPlayerValue":"9.10", "ascFanta_toPlayerValueKey":"", "ascFanta_fmUTValue":45.0, "ascFanta_toUTValue":35.9, "ascFanta_UTValueChange":-9.1, "ascFanta_TxKey":"6b97c4a2-3b0d-11e9-927e-000c29d02d18"},
 {"idascFanta_UserRoster":30, "ascFanta_TeamID":"c90da496-3b05-11e9-927e-000c29d02d18", "ascFanta_TeamName":"t2", "ascFanta_Group":"testing", "ascFanta_GroupKey":"c90da379-3b05-11e9-927e-000c29d02d18", "ascFanta_TxGmDate":"2019-02-20", "ascFanta_TxTimestamp":"", "ascFanta_XchPos":"F2", "ascFanta_fmPlayerID":"4", "ascFanta_toPlayerID":"1628470", "ascFanta_XchType":"Buy", "ascFanta_TradeToken":0, "ascFanta_TradeTokenKey":"", "ascFanta_fmPlayerValue":"0", "ascFanta_fmPlayerValueKey":"", "ascFanta_toPlayerValue":"3.20", "ascFanta_toPlayerValueKey":"", "ascFanta_fmUTValue":45.0, "ascFanta_toUTValue":41.8, "ascFanta_UTValueChange":-3.2, "ascFanta_TxKey":"6b97c724-3b0d-11e9-927e-000c29d02d18"},
 {"idascFanta_UserRoster":31, "ascFanta_TeamID":"eefd2986-3b05-11e9-927e-000c29d02d18", "ascFanta_TeamName":"t5", "ascFanta_Group":"testing", "ascFanta_GroupKey":"c90da379-3b05-11e9-927e-000c29d02d18", "ascFanta_TxGmDate":"2019-02-20", "ascFanta_TxTimestamp":"", "ascFanta_XchPos":"F2", "ascFanta_fmPlayerID":"4", "ascFanta_toPlayerID":"203507", "ascFanta_XchType":"Buy", "ascFanta_TradeToken":0, "ascFanta_TradeTokenKey":"", "ascFanta_fmPlayerValue":"0", "ascFanta_fmPlayerValueKey":"", "ascFanta_toPlayerValue":"12.50", "ascFanta_toPlayerValueKey":"", "ascFanta_fmUTValue":45.0, "ascFanta_toUTValue":32.5, "ascFanta_UTValueChange":-12.5, "ascFanta_TxKey":"6b97cd5e-3b0d-11e9-927e-000c29d02d18"},
 {"idascFanta_UserRoster":32, "ascFanta_TeamID":"c90da366-3b05-11e9-927e-000c29d02d18", "ascFanta_TeamName":"t1", "ascFanta_Group":"testing", "ascFanta_GroupKey":"c90da379-3b05-11e9-927e-000c29d02d18", "ascFanta_TxGmDate":"2019-02-20", "ascFanta_TxTimestamp":"", "ascFanta_XchPos":"F2", "ascFanta_fmPlayerID":"4", "ascFanta_toPlayerID":"1626158", "ascFanta_XchType":"Buy", "ascFanta_TradeToken":0, "ascFanta_TradeTokenKey":"", "ascFanta_fmPlayerValue":"0", "ascFanta_fmPlayerValueKey":"", "ascFanta_toPlayerValue":"4.60", "ascFanta_toPlayerValueKey":"", "ascFanta_fmUTValue":45.0, "ascFanta_toUTValue":40.4, "ascFanta_UTValueChange":-4.6, "ascFanta_TxKey":"6b97d318-3b0d-11e9-927e-000c29d02d18"},
 {"idascFanta_UserRoster":33, "ascFanta_TeamID":"c90da5a3-3b05-11e9-927e-000c29d02d18", "ascFanta_TeamName":"t4", "ascFanta_Group":"Others", "ascFanta_GroupKey":"c90da5a8-3b05-11e9-927e-000c29d02d18", "ascFanta_TxGmDate":"2019-02-20", "ascFanta_TxTimestamp":"", "ascFanta_XchPos":"F2", "ascFanta_fmPlayerID":"4", "ascFanta_toPlayerID":"203922", "ascFanta_XchType":"Buy", "ascFanta_TradeToken":0, "ascFanta_TradeTokenKey":"", "ascFanta_fmPlayerValue":"0", "ascFanta_fmPlayerValueKey":"", "ascFanta_toPlayerValue":"1.00", "ascFanta_toPlayerValueKey":"", "ascFanta_fmUTValue":45.0, "ascFanta_toUTValue":44.0, "ascFanta_UTValueChange":-1.0, "ascFanta_TxKey":"6b97db64-3b0d-11e9-927e-000c29d02d18"},
 {"idascFanta_UserRoster":34, "ascFanta_TeamID":"c90da54c-3b05-11e9-927e-000c29d02d18", "ascFanta_TeamName":"t3", "ascFanta_Group":"TMFriends", "ascFanta_GroupKey":"e1f72289-2122-11e9-9198-000c29d02d18", "ascFanta_TxGmDate":"2019-02-20", "ascFanta_TxTimestamp":"", "ascFanta_XchPos":"F1", "ascFanta_fmPlayerID":"3", "ascFanta_toPlayerID":"1627772", "ascFanta_XchType":"Buy", "ascFanta_TradeToken":0, "ascFanta_TradeTokenKey":"", "ascFanta_fmPlayerValue":"0", "ascFanta_fmPlayerValueKey":"", "ascFanta_toPlayerValue":"0.80", "ascFanta_toPlayerValueKey":"", "ascFanta_fmUTValue":45.0, "ascFanta_toUTValue":44.2, "ascFanta_UTValueChange":-0.8, "ascFanta_TxKey":"7752c9a4-3b0d-11e9-927e-000c29d02d18"},
 {"idascFanta_UserRoster":35, "ascFanta_TeamID":"c90da5a3-3b05-11e9-927e-000c29d02d18", "ascFanta_TeamName":"t4", "ascFanta_Group":"Others", "ascFanta_GroupKey":"c90da5a8-3b05-11e9-927e-000c29d02d18", "ascFanta_TxGmDate":"2019-02-20", "ascFanta_TxTimestamp":"", "ascFanta_XchPos":"F1", "ascFanta_fmPlayerID":"3", "ascFanta_toPlayerID":"1627767", "ascFanta_XchType":"Buy", "ascFanta_TradeToken":0, "ascFanta_TradeTokenKey":"", "ascFanta_fmPlayerValue":"0", "ascFanta_fmPlayerValueKey":"", "ascFanta_toPlayerValue":"1.40", "ascFanta_toPlayerValueKey":"", "ascFanta_fmUTValue":45.0, "ascFanta_toUTValue":43.6, "ascFanta_UTValueChange":-1.4, "ascFanta_TxKey":"7752cd19-3b0d-11e9-927e-000c29d02d18"},
 {"idascFanta_UserRoster":36, "ascFanta_TeamID":"c90da366-3b05-11e9-927e-000c29d02d18", "ascFanta_TeamName":"t1", "ascFanta_Group":"testing", "ascFanta_GroupKey":"c90da379-3b05-11e9-927e-000c29d02d18", "ascFanta_TxGmDate":"2019-02-20", "ascFanta_TxTimestamp":"", "ascFanta_XchPos":"F1", "ascFanta_fmPlayerID":"3", "ascFanta_toPlayerID":"203112", "ascFanta_XchType":"Buy", "ascFanta_TradeToken":0, "ascFanta_TradeTokenKey":"", "ascFanta_fmPlayerValue":"0", "ascFanta_fmPlayerValueKey":"", "ascFanta_toPlayerValue":"0.50", "ascFanta_toPlayerValueKey":"", "ascFanta_fmUTValue":45.0, "ascFanta_toUTValue":44.5, "ascFanta_UTValueChange":-0.5, "ascFanta_TxKey":"7752dba2-3b0d-11e9-927e-000c29d02d18"},
 {"idascFanta_UserRoster":37, "ascFanta_TeamID":"c90da496-3b05-11e9-927e-000c29d02d18", "ascFanta_TeamName":"t2", "ascFanta_Group":"testing", "ascFanta_GroupKey":"c90da379-3b05-11e9-927e-000c29d02d18", "ascFanta_TxGmDate":"2019-02-20", "ascFanta_TxTimestamp":"", "ascFanta_XchPos":"F1", "ascFanta_fmPlayerID":"3", "ascFanta_toPlayerID":"203460", "ascFanta_XchType":"Buy", "ascFanta_TradeToken":0, "ascFanta_TradeTokenKey":"", "ascFanta_fmPlayerValue":"0", "ascFanta_fmPlayerValueKey":"", "ascFanta_toPlayerValue":"0.50", "ascFanta_toPlayerValueKey":"", "ascFanta_fmUTValue":45.0, "ascFanta_toUTValue":44.5, "ascFanta_UTValueChange":-0.5, "ascFanta_TxKey":"7752df26-3b0d-11e9-927e-000c29d02d18"},
 {"idascFanta_UserRoster":38, "ascFanta_TeamID":"eefd2986-3b05-11e9-927e-000c29d02d18", "ascFanta_TeamName":"t5", "ascFanta_Group":"testing", "ascFanta_GroupKey":"c90da379-3b05-11e9-927e-000c29d02d18", "ascFanta_TxGmDate":"2019-02-20", "ascFanta_TxTimestamp":"", "ascFanta_XchPos":"F1", "ascFanta_fmPlayerID":"3", "ascFanta_toPlayerID":"203953", "ascFanta_XchType":"Buy", "ascFanta_TradeToken":0, "ascFanta_TradeTokenKey":"", "ascFanta_fmPlayerValue":"0", "ascFanta_fmPlayerValueKey":"", "ascFanta_toPlayerValue":"4.70", "ascFanta_toPlayerValueKey":"", "ascFanta_fmUTValue":45.0, "ascFanta_toUTValue":40.3, "ascFanta_UTValueChange":-4.7, "ascFanta_TxKey":"7752e837-3b0d-11e9-927e-000c29d02d18"},
 {"idascFanta_UserRoster":39, "ascFanta_TeamID":"c90da496-3b05-11e9-927e-000c29d02d18", "ascFanta_TeamName":"t2", "ascFanta_Group":"testing", "ascFanta_GroupKey":"c90da379-3b05-11e9-927e-000c29d02d18", "ascFanta_TxGmDate":"2019-02-20", "ascFanta_TxTimestamp":"", "ascFanta_XchPos":"C1", "ascFanta_fmPlayerID":"5", "ascFanta_toPlayerID":"203999", "ascFanta_XchType":"Buy", "ascFanta_TradeToken":0, "ascFanta_TradeTokenKey":"", "ascFanta_fmPlayerValue":"0", "ascFanta_fmPlayerValueKey":"", "ascFanta_toPlayerValue":"11.90", "ascFanta_toPlayerValueKey":"", "ascFanta_fmUTValue":45.0, "ascFanta_toUTValue":33.1, "ascFanta_UTValueChange":-11.9, "ascFanta_TxKey":"81d8dc56-3b0d-11e9-927e-000c29d02d18"},
 {"idascFanta_UserRoster":40, "ascFanta_TeamID":"c90da366-3b05-11e9-927e-000c29d02d18", "ascFanta_TeamName":"t1", "ascFanta_Group":"testing", "ascFanta_GroupKey":"c90da379-3b05-11e9-927e-000c29d02d18", "ascFanta_TxGmDate":"2019-02-20", "ascFanta_TxTimestamp":"", "ascFanta_XchPos":"C1", "ascFanta_fmPlayerID":"5", "ascFanta_toPlayerID":"2403", "ascFanta_XchType":"Buy", "ascFanta_TradeToken":0, "ascFanta_TradeTokenKey":"", "ascFanta_fmPlayerValue":"0", "ascFanta_fmPlayerValueKey":"", "ascFanta_toPlayerValue":"1.20", "ascFanta_toPlayerValueKey":"", "ascFanta_fmUTValue":45.0, "ascFanta_toUTValue":43.8, "ascFanta_UTValueChange":-1.2, "ascFanta_TxKey":"81d8de59-3b0d-11e9-927e-000c29d02d18"},
 {"idascFanta_UserRoster":41, "ascFanta_TeamID":"c90da5a3-3b05-11e9-927e-000c29d02d18", "ascFanta_TeamName":"t4", "ascFanta_Group":"Others", "ascFanta_GroupKey":"c90da5a8-3b05-11e9-927e-000c29d02d18", "ascFanta_TxGmDate":"2019-02-20", "ascFanta_TxTimestamp":"", "ascFanta_XchPos":"C1", "ascFanta_fmPlayerID":"5", "ascFanta_toPlayerID":"101162", "ascFanta_XchType":"Buy", "ascFanta_TradeToken":0, "ascFanta_TradeTokenKey":"", "ascFanta_fmPlayerValue":"0", "ascFanta_fmPlayerValueKey":"", "ascFanta_toPlayerValue":"3.60", "ascFanta_toPlayerValueKey":"", "ascFanta_fmUTValue":45.0, "ascFanta_toUTValue":41.4, "ascFanta_UTValueChange":-3.6, "ascFanta_TxKey":"81d8df3a-3b0d-11e9-927e-000c29d02d18"},
 {"idascFanta_UserRoster":42, "ascFanta_TeamID":"c90da54c-3b05-11e9-927e-000c29d02d18", "ascFanta_TeamName":"t3", "ascFanta_Group":"TMFriends", "ascFanta_GroupKey":"e1f72289-2122-11e9-9198-000c29d02d18", "ascFanta_TxGmDate":"2019-02-20", "ascFanta_TxTimestamp":"", "ascFanta_XchPos":"C1", "ascFanta_fmPlayerID":"5", "ascFanta_toPlayerID":"2199", "ascFanta_XchType":"Buy", "ascFanta_TradeToken":0, "ascFanta_TradeTokenKey":"", "ascFanta_fmPlayerValue":"0", "ascFanta_fmPlayerValueKey":"", "ascFanta_toPlayerValue":"3.60", "ascFanta_toPlayerValueKey":"", "ascFanta_fmUTValue":45.0, "ascFanta_toUTValue":41.4, "ascFanta_UTValueChange":-3.6, "ascFanta_TxKey":"81d8e073-3b0d-11e9-927e-000c29d02d18"},
 {"idascFanta_UserRoster":43, "ascFanta_TeamID":"eefd2986-3b05-11e9-927e-000c29d02d18", "ascFanta_TeamName":"t5", "ascFanta_Group":"testing", "ascFanta_GroupKey":"c90da379-3b05-11e9-927e-000c29d02d18", "ascFanta_TxGmDate":"2019-02-20", "ascFanta_TxTimestamp":"", "ascFanta_XchPos":"C1", "ascFanta_fmPlayerID":"5", "ascFanta_toPlayerID":"1628383", "ascFanta_XchType":"Buy", "ascFanta_TradeToken":0, "ascFanta_TradeTokenKey":"", "ascFanta_fmPlayerValue":"0", "ascFanta_fmPlayerValueKey":"", "ascFanta_toPlayerValue":"0.50", "ascFanta_toPlayerValueKey":"", "ascFanta_fmUTValue":45.0, "ascFanta_toUTValue":44.5, "ascFanta_UTValueChange":-0.5, "ascFanta_TxKey":"81d8e809-3b0d-11e9-927e-000c29d02d18"},
 {"idascFanta_UserRoster":44, "ascFanta_TeamID":"c90da54c-3b05-11e9-927e-000c29d02d18", "ascFanta_TeamName":"t3", "ascFanta_Group":"TMFriends", "ascFanta_GroupKey":"e1f72289-2122-11e9-9198-000c29d02d18", "ascFanta_TxGmDate":"2019-02-20", "ascFanta_TxTimestamp":"", "ascFanta_XchPos":"B1", "ascFanta_fmPlayerID":"6", "ascFanta_toPlayerID":"1627752", "ascFanta_XchType":"Buy", "ascFanta_TradeToken":0, "ascFanta_TradeTokenKey":"", "ascFanta_fmPlayerValue":"0", "ascFanta_fmPlayerValueKey":"", "ascFanta_toPlayerValue":"3.10", "ascFanta_toPlayerValueKey":"", "ascFanta_fmUTValue":45.0, "ascFanta_toUTValue":41.9, "ascFanta_UTValueChange":-3.1, "ascFanta_TxKey":"8ac26ebb-3b0d-11e9-927e-000c29d02d18"},
 {"idascFanta_UserRoster":45, "ascFanta_TeamID":"c90da5a3-3b05-11e9-927e-000c29d02d18", "ascFanta_TeamName":"t4", "ascFanta_Group":"Others", "ascFanta_GroupKey":"c90da5a8-3b05-11e9-927e-000c29d02d18", "ascFanta_TxGmDate":"2019-02-20", "ascFanta_TxTimestamp":"", "ascFanta_XchPos":"B1", "ascFanta_fmPlayerID":"6", "ascFanta_toPlayerID":"203118", "ascFanta_XchType":"Buy", "ascFanta_TradeToken":0, "ascFanta_TradeTokenKey":"", "ascFanta_fmPlayerValue":"0", "ascFanta_fmPlayerValueKey":"", "ascFanta_toPlayerValue":"2.60", "ascFanta_toPlayerValueKey":"", "ascFanta_fmUTValue":45.0, "ascFanta_toUTValue":42.4, "ascFanta_UTValueChange":-2.6, "ascFanta_TxKey":"8ac28b9c-3b0d-11e9-927e-000c29d02d18"},
 {"idascFanta_UserRoster":46, "ascFanta_TeamID":"eefd2986-3b05-11e9-927e-000c29d02d18", "ascFanta_TeamName":"t5", "ascFanta_Group":"testing", "ascFanta_GroupKey":"c90da379-3b05-11e9-927e-000c29d02d18", "ascFanta_TxGmDate":"2019-02-20", "ascFanta_TxTimestamp":"", "ascFanta_XchPos":"B1", "ascFanta_fmPlayerID":"6", "ascFanta_toPlayerID":"101139", "ascFanta_XchType":"Buy", "ascFanta_TradeToken":0, "ascFanta_TradeTokenKey":"", "ascFanta_fmPlayerValue":"0", "ascFanta_fmPlayerValueKey":"", "ascFanta_toPlayerValue":"1.50", "ascFanta_toPlayerValueKey":"", "ascFanta_fmUTValue":45.0, "ascFanta_toUTValue":43.5, "ascFanta_UTValueChange":-1.5, "ascFanta_TxKey":"8ac28c8e-3b0d-11e9-927e-000c29d02d18"},
 {"idascFanta_UserRoster":47, "ascFanta_TeamID":"c90da366-3b05-11e9-927e-000c29d02d18", "ascFanta_TeamName":"t1", "ascFanta_Group":"testing", "ascFanta_GroupKey":"c90da379-3b05-11e9-927e-000c29d02d18", "ascFanta_TxGmDate":"2019-02-20", "ascFanta_TxTimestamp":"", "ascFanta_XchPos":"B1", "ascFanta_fmPlayerID":"6", "ascFanta_toPlayerID":"1626171", "ascFanta_XchType":"Buy", "ascFanta_TradeToken":0, "ascFanta_TradeTokenKey":"", "ascFanta_fmPlayerValue":"0", "ascFanta_fmPlayerValueKey":"", "ascFanta_toPlayerValue":"2.10", "ascFanta_toPlayerValueKey":"", "ascFanta_fmUTValue":45.0, "ascFanta_toUTValue":42.9, "ascFanta_UTValueChange":-2.1, "ascFanta_TxKey":"8ac28ce8-3b0d-11e9-927e-000c29d02d18"},
 {"idascFanta_UserRoster":48, "ascFanta_TeamID":"c90da496-3b05-11e9-927e-000c29d02d18", "ascFanta_TeamName":"t2", "ascFanta_Group":"testing", "ascFanta_GroupKey":"c90da379-3b05-11e9-927e-000c29d02d18", "ascFanta_TxGmDate":"2019-02-20", "ascFanta_TxTimestamp":"", "ascFanta_XchPos":"B1", "ascFanta_fmPlayerID":"6", "ascFanta_toPlayerID":"202325", "ascFanta_XchType":"Buy", "ascFanta_TradeToken":0, "ascFanta_TradeTokenKey":"", "ascFanta_fmPlayerValue":"0", "ascFanta_fmPlayerValueKey":"", "ascFanta_toPlayerValue":"1.10", "ascFanta_toPlayerValueKey":"", "ascFanta_fmUTValue":45.0, "ascFanta_toUTValue":43.9, "ascFanta_UTValueChange":-1.1, "ascFanta_TxKey":"8ac28d21-3b0d-11e9-927e-000c29d02d18"}]