[{"idascFanta_UTRoster_Master_NBA_2018_s1":11, "ascFanta_UserFBID":"", "ascFanta_UserIMEI":"", "ascFanta_TeamID":"ca9e8ee9-2122-11e9-9198-000c29d02d18", "ascFanta_TeamName":"treeroot", "ascFanta_RegDate":"2019-01-25 00:00:00", "ascFanta_LastUP":"2019-02-12 13:08:22", "ascFanta_pID_G1":"201609", "ascFanta_pPos_G1":"GB", "ascFanta_pSName_G1":"", "ascFanta_pLName_G1":"", "ascFanta_pValue_G1":0.0, "ascFanta_pBuyDate_G1":"", "ascFanta_trKey_G1":"", "ascFanta_pID_G2":"202325", "ascFanta_pPos_G2":"GFB", "ascFanta_pSName_G2":"", "ascFanta_pLName_G2":"", "ascFanta_pValue_G2":0.0, "ascFanta_pBuyDate_G2":"", "ascFanta_trKey_G2":"", "ascFanta_pID_F1":"201933", "ascFanta_pPos_F1":"FB", "ascFanta_pSName_F1":"", "ascFanta_pLName_F1":"", "ascFanta_pValue_F1":0.0, "ascFanta_pBuyDate_F1":"", "ascFanta_trKey_F1":"", "ascFanta_pID_F2":"202330", "ascFanta_pPos_F2":"FB", "ascFanta_pSName_F2":"", "ascFanta_pLName_F2":"", "ascFanta_pValue_F2":0.0, "ascFanta_pBuyDate_F2":"", "ascFanta_trKey_F2":"", "ascFanta_pID_C1":"203076", "ascFanta_pPos_C1":"FCB", "ascFanta_pSName_C1":"", "ascFanta_pLName_C1":"", "ascFanta_pValue_C1":0.0, "ascFanta_pBuyDate_C1":"", "ascFanta_trKey_C1":"", "ascFanta_pID_B1":"203613", "ascFanta_pPos_B1":"FB", "ascFanta_pSName_B1":"", "ascFanta_pLName_B1":"", "ascFanta_pValue_B1":0.0, "ascFanta_pBuyDate_B1":"", "ascFanta_trKey_B1":"", "ascFanta_gValueGain":50.0, "ascFanta_gValueUsed":48.2, "ascFanta_gTradeGain":2, "ascFanta_gTradeUsed":0, "ascFanta_gValueRemain":1.8, "ascFanta_gValueBuyCount":0, "ascFanta_gTradeRemain":0, "ascFanta_gTradeBuyCount":0},
 {"idascFanta_UTRoster_Master_NBA_2018_s1":12, "ascFanta_UserFBID":"", "ascFanta_UserIMEI":"", "ascFanta_TeamID":"06651b08-2472-11e9-bf59-000c29d02d18", "ascFanta_TeamName":"piano", "ascFanta_RegDate":"2019-01-27 00:00:00", "ascFanta_LastUP":"2019-01-31 10:33:49", "ascFanta_pID_G1":"201935", "ascFanta_pPos_G1":"GB", "ascFanta_pSName_G1":"", "ascFanta_pLName_G1":"", "ascFanta_pValue_G1":0.0, "ascFanta_pBuyDate_G1":"", "ascFanta_trKey_G1":"", "ascFanta_pID_G2":"201566", "ascFanta_pPos_G2":"GB", "ascFanta_pSName_G2":"", "ascFanta_pLName_G2":"", "ascFanta_pValue_G2":0.0, "ascFanta_pBuyDate_G2":"", "ascFanta_trKey_G2":"", "ascFanta_pID_F1":"201142", "ascFanta_pPos_F1":"FB", "ascFanta_pSName_F1":"", "ascFanta_pLName_F1":"", "ascFanta_pValue_F1":0.0, "ascFanta_pBuyDate_F1":"", "ascFanta_trKey_F1":"", "ascFanta_pID_F2":"203507", "ascFanta_pPos_F2":"FB", "ascFanta_pSName_F2":"", "ascFanta_pLName_F2":"", "ascFanta_pValue_F2":0.0, "ascFanta_pBuyDate_F2":"", "ascFanta_trKey_F2":"", "ascFanta_pID_C1":"203076", "ascFanta_pPos_C1":"FCB", "ascFanta_pSName_C1":"", "ascFanta_pLName_C1":"", "ascFanta_pValue_C1":0.0, "ascFanta_pBuyDate_C1":"", "ascFanta_trKey_C1":"", "ascFanta_pID_B1":"203999", "ascFanta_pPos_B1":"CB", "ascFanta_pSName_B1":"", "ascFanta_pLName_B1":"", "ascFanta_pValue_B1":0.0, "ascFanta_pBuyDate_B1":"", "ascFanta_trKey_B1":"", "ascFanta_gValueGain":50.0, "ascFanta_gValueUsed":50.0, "ascFanta_gTradeGain":2, "ascFanta_gTradeUsed":0, "ascFanta_gValueRemain":0.0, "ascFanta_gValueBuyCount":0, "ascFanta_gTradeRemain":0, "ascFanta_gTradeBuyCount":0},
 {"idascFanta_UTRoster_Master_NBA_2018_s1":13, "ascFanta_UserFBID":"", "ascFanta_UserIMEI":"", "ascFanta_TeamID":"8517b6b7-358c-11e9-b3a8-000c29d02d18", "ascFanta_TeamName":"comeon", "ascFanta_RegDate":"2019-02-20 00:00:00", "ascFanta_LastUP":"", "ascFanta_pID_G1":"201935", "ascFanta_pPos_G1":"GB", "ascFanta_pSName_G1":"", "ascFanta_pLName_G1":"", "ascFanta_pValue_G1":0.0, "ascFanta_pBuyDate_G1":"", "ascFanta_trKey_G1":"", "ascFanta_pID_G2":"0", "ascFanta_pPos_G2":"", "ascFanta_pSName_G2":"", "ascFanta_pLName_G2":"", "ascFanta_pValue_G2":0.0, "ascFanta_pBuyDate_G2":"", "ascFanta_trKey_G2":"", "ascFanta_pID_F1":"0", "ascFanta_pPos_F1":"", "ascFanta_pSName_F1":"", "ascFanta_pLName_F1":"", "ascFanta_pValue_F1":0.0, "ascFanta_pBuyDate_F1":"", "ascFanta_trKey_F1":"", "ascFanta_pID_F2":"0", "ascFanta_pPos_F2":"", "ascFanta_pSName_F2":"", "ascFanta_pLName_F2":"", "ascFanta_pValue_F2":0.0, "ascFanta_pBuyDate_F2":"", "ascFanta_trKey_F2":"", "ascFanta_pID_C1":"0", "ascFanta_pPos_C1":"", "ascFanta_pSName_C1":"", "ascFanta_pLName_C1":"", "ascFanta_pValue_C1":0.0, "ascFanta_pBuyDate_C1":"", "ascFanta_trKey_C1":"", "ascFanta_pID_B1":"0", "ascFanta_pPos_B1":"", "ascFanta_pSName_B1":"", "ascFanta_pLName_B1":"", "ascFanta_pValue_B1":0.0, "ascFanta_pBuyDate_B1":"", "ascFanta_trKey_B1":"", "ascFanta_gValueGain":0.0, "ascFanta_gValueUsed":0.0, "ascFanta_gTradeGain":0, "ascFanta_gTradeUsed":0, "ascFanta_gValueRemain":45.0, "ascFanta_gValueBuyCount":0, "ascFanta_gTradeRemain":0, "ascFanta_gTradeBuyCount":0}]