[{"idascFanta_Match_Stage":1, "ascFanta_LeagueName":"NBA", "ascFanta_GameSeason":"2018", "ascFanta_StageName":"1", "ascFanta_StageDesc":"First Half Regular", "ascFanta_Stage_sDate":"2018-10-14 00:00:00", "ascFanta_Stage_eDate":"2019-02-20 00:00:00", "ascFanta_rStatus":"LIVE", "ascFanta_rActive":1, "ascFanta_rRegDateTime":""},
 {"idascFanta_Match_Stage":2, "ascFanta_LeagueName":"NBA", "ascFanta_GameSeason":"2018", "ascFanta_StageName":"2", "ascFanta_StageDesc":"Second Half Regular", "ascFanta_Stage_sDate":"2019-02-20 00:00:00", "ascFanta_Stage_eDate":"2019-04-20 00:00:00", "ascFanta_rStatus":"LIVE", "ascFanta_rActive":1, "ascFanta_rRegDateTime":""},
 {"idascFanta_Match_Stage":3, "ascFanta_LeagueName":"NBA", "ascFanta_GameSeason":"2018", "ascFanta_StageName":"3", "ascFanta_StageDesc":"Playoff Round", "ascFanta_Stage_sDate":"2019-04-21 00:00:00", "ascFanta_Stage_eDate":"2019-06-30 00:00:00", "ascFanta_rStatus":"LIVE", "ascFanta_rActive":1, "ascFanta_rRegDateTime":""}]