[{"idascUserTeam_Master":1, "ascFanta_UserName":"alfhello", "ascFanta_UserIMEI":"", "ascFanta_TeamName":"treeroot", "ascFanta_Group":"TMFriends", "ascFanta_GroupKey":"e1f72289-2122-11e9-9198-000c29d02d18", "ascFanta_TeamID":"ca9e8ee9-2122-11e9-9198-000c29d02d18", "ascFanta_League":"NBA", "ascFanta_seasonYear":"2018", "ascFanta_seasonStage":"2", "ascFanta_RegDate":"2019-01-25 00:00:00", "ascFanta_lastUpDate":"2019-01-26 00:00:00", "ascFanta_rActive":1, "ascFanta_rStatus":"LIVE"},
 {"idascUserTeam_Master":2, "ascFanta_UserName":"pianist.nicole", "ascFanta_UserIMEI":"", "ascFanta_TeamName":"piano", "ascFanta_Group":"TMFriends", "ascFanta_GroupKey":"e1f72289-2122-11e9-9198-000c29d02d18", "ascFanta_TeamID":"06651b08-2472-11e9-bf59-000c29d02d18", "ascFanta_League":"NBA", "ascFanta_seasonYear":"2018", "ascFanta_seasonStage":"2", "ascFanta_RegDate":"2019-01-27 00:00:00", "ascFanta_lastUpDate":"2019-01-30 00:00:00", "ascFanta_rActive":1, "ascFanta_rStatus":"LIVE"},
 {"idascUserTeam_Master":3, "ascFanta_UserName":"comeon", "ascFanta_UserIMEI":"", "ascFanta_TeamName":"comeon", "ascFanta_Group":"TMFriends", "ascFanta_GroupKey":"e1f72289-2122-11e9-9198-000c29d02d18", "ascFanta_TeamID":"8517b6b7-358c-11e9-b3a8-000c29d02d18", "ascFanta_League":"NBA", "ascFanta_seasonYear":"2018", "ascFanta_seasonStage":"2", "ascFanta_RegDate":"2019-02-20 00:00:00", "ascFanta_lastUpDate":"2019-02-20 00:00:00", "ascFanta_rActive":1, "ascFanta_rStatus":"LIVE"},
 {"idascUserTeam_Master":4, "ascFanta_UserName":"t1a", "ascFanta_UserIMEI":"", "ascFanta_TeamName":"t1", "ascFanta_Group":"testing", "ascFanta_GroupKey":"c90da379-3b05-11e9-927e-000c29d02d18", "ascFanta_TeamID":"c90da366-3b05-11e9-927e-000c29d02d18", "ascFanta_League":"NBA", "ascFanta_seasonYear":"2018", "ascFanta_seasonStage":"2", "ascFanta_RegDate":"2019-02-20 00:00:00", "ascFanta_lastUpDate":"2019-02-20 00:00:00", "ascFanta_rActive":1, "ascFanta_rStatus":"LIVE"},
 {"idascUserTeam_Master":5, "ascFanta_UserName":"t2a", "ascFanta_UserIMEI":"", "ascFanta_TeamName":"t2", "ascFanta_Group":"testing", "ascFanta_GroupKey":"c90da379-3b05-11e9-927e-000c29d02d18", "ascFanta_TeamID":"c90da496-3b05-11e9-927e-000c29d02d18", "ascFanta_League":"NBA", "ascFanta_seasonYear":"2018", "ascFanta_seasonStage":"2", "ascFanta_RegDate":"2019-02-20 00:00:00", "ascFanta_lastUpDate":"2019-02-20 00:00:00", "ascFanta_rActive":1, "ascFanta_rStatus":"LIVE"},
 {"idascUserTeam_Master":6, "ascFanta_UserName":"t3a", "ascFanta_UserIMEI":"", "ascFanta_TeamName":"t3", "ascFanta_Group":"TMFriends", "ascFanta_GroupKey":"e1f72289-2122-11e9-9198-000c29d02d18", "ascFanta_TeamID":"c90da54c-3b05-11e9-927e-000c29d02d18", "ascFanta_League":"NBA", "ascFanta_seasonYear":"2018", "ascFanta_seasonStage":"2", "ascFanta_RegDate":"2019-02-20 00:00:00", "ascFanta_lastUpDate":"2019-02-20 00:00:00", "ascFanta_rActive":1, "ascFanta_rStatus":"LIVE"},
 {"idascUserTeam_Master":7, "ascFanta_UserName":"t4a", "ascFanta_UserIMEI":"", "ascFanta_TeamName":"t4", "ascFanta_Group":"Others", "ascFanta_GroupKey":"c90da5a8-3b05-11e9-927e-000c29d02d18", "ascFanta_TeamID":"c90da5a3-3b05-11e9-927e-000c29d02d18", "ascFanta_League":"NBA", "ascFanta_seasonYear":"2018", "ascFanta_seasonStage":"2", "ascFanta_RegDate":"2019-02-20 00:00:00", "ascFanta_lastUpDate":"2019-02-20 00:00:00", "ascFanta_rActive":1, "ascFanta_rStatus":"LIVE"},
 {"idascUserTeam_Master":8, "ascFanta_UserName":"t5a", "ascFanta_UserIMEI":"", "ascFanta_TeamName":"t5", "ascFanta_Group":"testing", "ascFanta_GroupKey":"c90da379-3b05-11e9-927e-000c29d02d18", "ascFanta_TeamID":"eefd2986-3b05-11e9-927e-000c29d02d18", "ascFanta_League":"NBA", "ascFanta_seasonYear":"2018", "ascFanta_seasonStage":"2", "ascFanta_RegDate":"2019-02-20 00:00:00", "ascFanta_lastUpDate":"2019-02-20 00:00:00", "ascFanta_rActive":1, "ascFanta_rStatus":"LIVE"}]