[{"idascFanta_Team":640, "ascFanta_tID":"1610612737", "ascFanta_tCity":"Atlanta", "ascFanta_tAbbr":"ATL", "ascFanta_tName":"Atlanta", "ascFanta_tCode":"hawks", "ascFanta_tDiv":"Southeast", "ascFanta_tConf":"East", "ascFanta_rStatus":"LIVE", "ascFanta_tSource":"data.nba.com", "ascFanta_tNickName":"Hawks"},
 {"idascFanta_Team":641, "ascFanta_tID":"1610612738", "ascFanta_tCity":"Boston", "ascFanta_tAbbr":"BOS", "ascFanta_tName":"Boston", "ascFanta_tCode":"celtics", "ascFanta_tDiv":"Atlantic", "ascFanta_tConf":"East", "ascFanta_rStatus":"LIVE", "ascFanta_tSource":"data.nba.com", "ascFanta_tNickName":"Celtics"},
 {"idascFanta_Team":642, "ascFanta_tID":"1610612739", "ascFanta_tCity":"Cleveland", "ascFanta_tAbbr":"CLE", "ascFanta_tName":"Cleveland", "ascFanta_tCode":"cavaliers", "ascFanta_tDiv":"Central", "ascFanta_tConf":"East", "ascFanta_rStatus":"LIVE", "ascFanta_tSource":"data.nba.com", "ascFanta_tNickName":"Cavaliers"},
 {"idascFanta_Team":643, "ascFanta_tID":"1610612740", "ascFanta_tCity":"New Orleans", "ascFanta_tAbbr":"NOP", "ascFanta_tName":"New Orleans", "ascFanta_tCode":"pelicans", "ascFanta_tDiv":"Southwest", "ascFanta_tConf":"West", "ascFanta_rStatus":"LIVE", "ascFanta_tSource":"data.nba.com", "ascFanta_tNickName":"Pelicans"},
 {"idascFanta_Team":644, "ascFanta_tID":"1610612741", "ascFanta_tCity":"Chicago", "ascFanta_tAbbr":"CHI", "ascFanta_tName":"Chicago", "ascFanta_tCode":"bulls", "ascFanta_tDiv":"Central", "ascFanta_tConf":"East", "ascFanta_rStatus":"LIVE", "ascFanta_tSource":"data.nba.com", "ascFanta_tNickName":"Bulls"},
 {"idascFanta_Team":645, "ascFanta_tID":"1610612742", "ascFanta_tCity":"Dallas", "ascFanta_tAbbr":"DAL", "ascFanta_tName":"Dallas", "ascFanta_tCode":"mavericks", "ascFanta_tDiv":"Southwest", "ascFanta_tConf":"West", "ascFanta_rStatus":"LIVE", "ascFanta_tSource":"data.nba.com", "ascFanta_tNickName":"Mavericks"},
 {"idascFanta_Team":646, "ascFanta_tID":"1610612743", "ascFanta_tCity":"Denver", "ascFanta_tAbbr":"DEN", "ascFanta_tName":"Denver", "ascFanta_tCode":"nuggets", "ascFanta_tDiv":"Northwest", "ascFanta_tConf":"West", "ascFanta_rStatus":"LIVE", "ascFanta_tSource":"data.nba.com", "ascFanta_tNickName":"Nuggets"},
 {"idascFanta_Team":647, "ascFanta_tID":"1610612744", "ascFanta_tCity":"Golden State", "ascFanta_tAbbr":"GSW", "ascFanta_tName":"Golden State", "ascFanta_tCode":"warriors", "ascFanta_tDiv":"Pacific", "ascFanta_tConf":"West", "ascFanta_rStatus":"LIVE", "ascFanta_tSource":"data.nba.com", "ascFanta_tNickName":"Warriors"},
 {"idascFanta_Team":648, "ascFanta_tID":"1610612745", "ascFanta_tCity":"Houston", "ascFanta_tAbbr":"HOU", "ascFanta_tName":"Houston", "ascFanta_tCode":"rockets", "ascFanta_tDiv":"Southwest", "ascFanta_tConf":"West", "ascFanta_rStatus":"LIVE", "ascFanta_tSource":"data.nba.com", "ascFanta_tNickName":"Rockets"},
 {"idascFanta_Team":649, "ascFanta_tID":"1610612746", "ascFanta_tCity":"LA", "ascFanta_tAbbr":"LAC", "ascFanta_tName":"LA", "ascFanta_tCode":"clippers", "ascFanta_tDiv":"Pacific", "ascFanta_tConf":"West", "ascFanta_rStatus":"LIVE", "ascFanta_tSource":"data.nba.com", "ascFanta_tNickName":"Clippers"},
 {"idascFanta_Team":650, "ascFanta_tID":"1610612747", "ascFanta_tCity":"Los Angeles", "ascFanta_tAbbr":"LAL", "ascFanta_tName":"Los Angeles", "ascFanta_tCode":"lakers", "ascFanta_tDiv":"Pacific", "ascFanta_tConf":"West", "ascFanta_rStatus":"LIVE", "ascFanta_tSource":"data.nba.com", "ascFanta_tNickName":"Lakers"},
 {"idascFanta_Team":651, "ascFanta_tID":"1610612748", "ascFanta_tCity":"Miami", "ascFanta_tAbbr":"MIA", "ascFanta_tName":"Miami", "ascFanta_tCode":"heat", "ascFanta_tDiv":"Southeast", "ascFanta_tConf":"East", "ascFanta_rStatus":"LIVE", "ascFanta_tSource":"data.nba.com", "ascFanta_tNickName":"Heat"},
 {"idascFanta_Team":652, "ascFanta_tID":"1610612749", "ascFanta_tCity":"Milwaukee", "ascFanta_tAbbr":"MIL", "ascFanta_tName":"Milwaukee", "ascFanta_tCode":"bucks", "ascFanta_tDiv":"Central", "ascFanta_tConf":"East", "ascFanta_rStatus":"LIVE", "ascFanta_tSource":"data.nba.com", "ascFanta_tNickName":"Bucks"},
 {"idascFanta_Team":653, "ascFanta_tID":"1610612750", "ascFanta_tCity":"Minnesota", "ascFanta_tAbbr":"MIN", "ascFanta_tName":"Minnesota", "ascFanta_tCode":"timberwolves", "ascFanta_tDiv":"Northwest", "ascFanta_tConf":"West", "ascFanta_rStatus":"LIVE", "ascFanta_tSource":"data.nba.com", "ascFanta_tNickName":"Timberwolves"},
 {"idascFanta_Team":654, "ascFanta_tID":"1610612751", "ascFanta_tCity":"Brooklyn", "ascFanta_tAbbr":"BKN", "ascFanta_tName":"Brooklyn", "ascFanta_tCode":"nets", "ascFanta_tDiv":"Atlantic", "ascFanta_tConf":"East", "ascFanta_rStatus":"LIVE", "ascFanta_tSource":"data.nba.com", "ascFanta_tNickName":"Nets"},
 {"idascFanta_Team":655, "ascFanta_tID":"1610612752", "ascFanta_tCity":"New York", "ascFanta_tAbbr":"NYK", "ascFanta_tName":"New York", "ascFanta_tCode":"knicks", "ascFanta_tDiv":"Atlantic", "ascFanta_tConf":"East", "ascFanta_rStatus":"LIVE", "ascFanta_tSource":"data.nba.com", "ascFanta_tNickName":"Knicks"},
 {"idascFanta_Team":656, "ascFanta_tID":"1610612753", "ascFanta_tCity":"Orlando", "ascFanta_tAbbr":"ORL", "ascFanta_tName":"Orlando", "ascFanta_tCode":"magic", "ascFanta_tDiv":"Southeast", "ascFanta_tConf":"East", "ascFanta_rStatus":"LIVE", "ascFanta_tSource":"data.nba.com", "ascFanta_tNickName":"Magic"},
 {"idascFanta_Team":657, "ascFanta_tID":"1610612754", "ascFanta_tCity":"Indiana", "ascFanta_tAbbr":"IND", "ascFanta_tName":"Indiana", "ascFanta_tCode":"pacers", "ascFanta_tDiv":"Central", "ascFanta_tConf":"East", "ascFanta_rStatus":"LIVE", "ascFanta_tSource":"data.nba.com", "ascFanta_tNickName":"Pacers"},
 {"idascFanta_Team":658, "ascFanta_tID":"1610612755", "ascFanta_tCity":"Philadelphia", "ascFanta_tAbbr":"PHI", "ascFanta_tName":"Philadelphia", "ascFanta_tCode":"sixers", "ascFanta_tDiv":"Atlantic", "ascFanta_tConf":"East", "ascFanta_rStatus":"LIVE", "ascFanta_tSource":"data.nba.com", "ascFanta_tNickName":"76ers"},
 {"idascFanta_Team":659, "ascFanta_tID":"1610612756", "ascFanta_tCity":"Phoenix", "ascFanta_tAbbr":"PHX", "ascFanta_tName":"Phoenix", "ascFanta_tCode":"suns", "ascFanta_tDiv":"Pacific", "ascFanta_tConf":"West", "ascFanta_rStatus":"LIVE", "ascFanta_tSource":"data.nba.com", "ascFanta_tNickName":"Suns"},
 {"idascFanta_Team":660, "ascFanta_tID":"1610612757", "ascFanta_tCity":"Portland", "ascFanta_tAbbr":"POR", "ascFanta_tName":"Portland", "ascFanta_tCode":"blazers", "ascFanta_tDiv":"Northwest", "ascFanta_tConf":"West", "ascFanta_rStatus":"LIVE", "ascFanta_tSource":"data.nba.com", "ascFanta_tNickName":"Trail Blazers"},
 {"idascFanta_Team":661, "ascFanta_tID":"1610612758", "ascFanta_tCity":"Sacramento", "ascFanta_tAbbr":"SAC", "ascFanta_tName":"Sacramento", "ascFanta_tCode":"kings", "ascFanta_tDiv":"Pacific", "ascFanta_tConf":"West", "ascFanta_rStatus":"LIVE", "ascFanta_tSource":"data.nba.com", "ascFanta_tNickName":"Kings"},
 {"idascFanta_Team":662, "ascFanta_tID":"1610612759", "ascFanta_tCity":"San Antonio", "ascFanta_tAbbr":"SAS", "ascFanta_tName":"San Antonio", "ascFanta_tCode":"spurs", "ascFanta_tDiv":"Southwest", "ascFanta_tConf":"West", "ascFanta_rStatus":"LIVE", "ascFanta_tSource":"data.nba.com", "ascFanta_tNickName":"Spurs"},
 {"idascFanta_Team":663, "ascFanta_tID":"1610612760", "ascFanta_tCity":"Oklahoma City", "ascFanta_tAbbr":"OKC", "ascFanta_tName":"Oklahoma City", "ascFanta_tCode":"thunder", "ascFanta_tDiv":"Northwest", "ascFanta_tConf":"West", "ascFanta_rStatus":"LIVE", "ascFanta_tSource":"data.nba.com", "ascFanta_tNickName":"Thunder"},
 {"idascFanta_Team":664, "ascFanta_tID":"1610612761", "ascFanta_tCity":"Toronto", "ascFanta_tAbbr":"TOR", "ascFanta_tName":"Toronto", "ascFanta_tCode":"raptors", "ascFanta_tDiv":"Atlantic", "ascFanta_tConf":"East", "ascFanta_rStatus":"LIVE", "ascFanta_tSource":"data.nba.com", "ascFanta_tNickName":"Raptors"},
 {"idascFanta_Team":665, "ascFanta_tID":"1610612762", "ascFanta_tCity":"Utah", "ascFanta_tAbbr":"UTA", "ascFanta_tName":"Utah", "ascFanta_tCode":"jazz", "ascFanta_tDiv":"Northwest", "ascFanta_tConf":"West", "ascFanta_rStatus":"LIVE", "ascFanta_tSource":"data.nba.com", "ascFanta_tNickName":"Jazz"},
 {"idascFanta_Team":666, "ascFanta_tID":"1610612763", "ascFanta_tCity":"Memphis", "ascFanta_tAbbr":"MEM", "ascFanta_tName":"Memphis", "ascFanta_tCode":"grizzlies", "ascFanta_tDiv":"Southwest", "ascFanta_tConf":"West", "ascFanta_rStatus":"LIVE", "ascFanta_tSource":"data.nba.com", "ascFanta_tNickName":"Grizzlies"},
 {"idascFanta_Team":667, "ascFanta_tID":"1610612764", "ascFanta_tCity":"Washington", "ascFanta_tAbbr":"WAS", "ascFanta_tName":"Washington", "ascFanta_tCode":"wizards", "ascFanta_tDiv":"Southeast", "ascFanta_tConf":"East", "ascFanta_rStatus":"LIVE", "ascFanta_tSource":"data.nba.com", "ascFanta_tNickName":"Wizards"},
 {"idascFanta_Team":668, "ascFanta_tID":"1610612765", "ascFanta_tCity":"Detroit", "ascFanta_tAbbr":"DET", "ascFanta_tName":"Detroit", "ascFanta_tCode":"pistons", "ascFanta_tDiv":"Central", "ascFanta_tConf":"East", "ascFanta_rStatus":"LIVE", "ascFanta_tSource":"data.nba.com", "ascFanta_tNickName":"Pistons"},
 {"idascFanta_Team":669, "ascFanta_tID":"1610612766", "ascFanta_tCity":"Charlotte", "ascFanta_tAbbr":"CHA", "ascFanta_tName":"Charlotte", "ascFanta_tCode":"hornets", "ascFanta_tDiv":"Southeast", "ascFanta_tConf":"East", "ascFanta_rStatus":"LIVE", "ascFanta_tSource":"data.nba.com", "ascFanta_tNickName":"Hornets"},
 {"idascFanta_Team":670, "ascFanta_tID":"1610616839", "ascFanta_tCity":"Home", "ascFanta_tAbbr":"HME", "ascFanta_tName":"Home", "ascFanta_tCode":"home", "ascFanta_tDiv":"East", "ascFanta_tConf":"East", "ascFanta_rStatus":"LIVE", "ascFanta_tSource":"data.nba.com", "ascFanta_tNickName":"Home"},
 {"idascFanta_Team":671, "ascFanta_tID":"1610616840", "ascFanta_tCity":"Away", "ascFanta_tAbbr":"AWY", "ascFanta_tName":"Away", "ascFanta_tCode":"away", "ascFanta_tDiv":"East", "ascFanta_tConf":"East", "ascFanta_rStatus":"LIVE", "ascFanta_tSource":"data.nba.com", "ascFanta_tNickName":"Away"},
 {"idascFanta_Team":672, "ascFanta_tID":"1610616843", "ascFanta_tCity":"USA", "ascFanta_tAbbr":"USA", "ascFanta_tName":"USA", "ascFanta_tCode":"usa", "ascFanta_tDiv":"East", "ascFanta_tConf":"East", "ascFanta_rStatus":"Outdated", "ascFanta_tSource":"data.nba.com", "ascFanta_tNickName":"USA"},
 {"idascFanta_Team":673, "ascFanta_tID":"1610616833", "ascFanta_tCity":"Team Giannis", "ascFanta_tAbbr":"GNS", "ascFanta_tName":"Team Giannis", "ascFanta_tCode":"team_giannis", "ascFanta_tDiv":"East", "ascFanta_tConf":"East", "ascFanta_rStatus":"Outdated", "ascFanta_tSource":"data.nba.com", "ascFanta_tNickName":"Team Giannis"},
 {"idascFanta_Team":674, "ascFanta_tID":"1610616834", "ascFanta_tCity":"Team LeBron", "ascFanta_tAbbr":"LBN", "ascFanta_tName":"Team LeBron", "ascFanta_tCode":"team_lebron", "ascFanta_tDiv":"West", "ascFanta_tConf":"West", "ascFanta_rStatus":"Outdated", "ascFanta_tSource":"data.nba.com", "ascFanta_tNickName":"Team LeBron"}]