[{"idascFanta_UTRoster_Master_NBA_2018":11, "ascFanta_UserFBID":"", "ascFanta_UserIMEI":"", "ascFanta_TeamID":"ca9e8ee9-2122-11e9-9198-000c29d02d18", "ascFanta_TeamName":"treeroot", "ascFanta_Group":"TMFriends", "ascFanta_GroupKey":"e1f72289-2122-11e9-9198-000c29d02d18", "ascFanta_RegDate":"2019-01-25 00:00:00", "ascFanta_LastUP":"2019-02-12 13:08:22", "ascFanta_pID_G1":"201609", "ascFanta_pPos_G1":"GB", "ascFanta_pSName_G1":"", "ascFanta_pLName_G1":"", "ascFanta_pValue_G1":0.0, "ascFanta_pBuyDate_G1":"2019-02-18", "ascFanta_trKey_G1":"6c0148de-3994-11e9-be1d-000c29d02d18", "ascFanta_pID_G2":"202325", "ascFanta_pPos_G2":"GFB", "ascFanta_pSName_G2":"", "ascFanta_pLName_G2":"", "ascFanta_pValue_G2":0.0, "ascFanta_pBuyDate_G2":"2019-02-18", "ascFanta_trKey_G2":"6c014a0b-3994-11e9-be1d-000c29d02d18", "ascFanta_pID_F1":"201933", "ascFanta_pPos_F1":"FB", "ascFanta_pSName_F1":"", "ascFanta_pLName_F1":"", "ascFanta_pValue_F1":0.0, "ascFanta_pBuyDate_F1":"2019-02-20", "ascFanta_trKey_F1":"6c014a4d-3994-11e9-be1d-000c29d02d18", "ascFanta_pID_F2":"202330", "ascFanta_pPos_F2":"FB", "ascFanta_pSName_F2":"", "ascFanta_pLName_F2":"", "ascFanta_pValue_F2":0.0, "ascFanta_pBuyDate_F2":"2019-02-18", "ascFanta_trKey_F2":"6c014a88-3994-11e9-be1d-000c29d02d18", "ascFanta_pID_C1":"203076", "ascFanta_pPos_C1":"FCB", "ascFanta_pSName_C1":"", "ascFanta_pLName_C1":"", "ascFanta_pValue_C1":0.0, "ascFanta_pBuyDate_C1":"2019-02-19", "ascFanta_trKey_C1":"6c014ac0-3994-11e9-be1d-000c29d02d18", "ascFanta_pID_B1":"203613", "ascFanta_pPos_B1":"FB", "ascFanta_pSName_B1":"", "ascFanta_pLName_B1":"", "ascFanta_pValue_B1":0.0, "ascFanta_pBuyDate_B1":"2019-02-18", "ascFanta_trKey_B1":"6c014af7-3994-11e9-be1d-000c29d02d18", "ascFanta_gValueGain":50.0, "ascFanta_gValueUsed":48.2, "ascFanta_gTradeGain":2, "ascFanta_gTradeUsed":0, "ascFanta_gValueRemain":1.8, "ascFanta_gValueBuyCount":0, "ascFanta_gTradeRemain":0, "ascFanta_gTradeBuyCount":0},
 {"idascFanta_UTRoster_Master_NBA_2018":12, "ascFanta_UserFBID":"", "ascFanta_UserIMEI":"", "ascFanta_TeamID":"06651b08-2472-11e9-bf59-000c29d02d18", "ascFanta_TeamName":"piano", "ascFanta_Group":"TMFriends", "ascFanta_GroupKey":"e1f72289-2122-11e9-9198-000c29d02d18", "ascFanta_RegDate":"2019-01-27 00:00:00", "ascFanta_LastUP":"2019-02-27 11:39:32", "ascFanta_pID_G1":"201935", "ascFanta_pPos_G1":"GB", "ascFanta_pSName_G1":"", "ascFanta_pLName_G1":"", "ascFanta_pValue_G1":0.0, "ascFanta_pBuyDate_G1":"2019-02-20", "ascFanta_trKey_G1":"6c014b2f-3994-11e9-be1d-000c29d02d18", "ascFanta_pID_G2":"201566", "ascFanta_pPos_G2":"GB", "ascFanta_pSName_G2":"", "ascFanta_pLName_G2":"", "ascFanta_pValue_G2":0.0, "ascFanta_pBuyDate_G2":"2019-02-20", "ascFanta_trKey_G2":"6c014b67-3994-11e9-be1d-000c29d02d18", "ascFanta_pID_F1":"203076", "ascFanta_pPos_F1":"FCB", "ascFanta_pSName_F1":"", "ascFanta_pLName_F1":"", "ascFanta_pValue_F1":0.0, "ascFanta_pBuyDate_F1":"2019-02-20", "ascFanta_trKey_F1":"6c014b9f-3994-11e9-be1d-000c29d02d18", "ascFanta_pID_F2":"203507", "ascFanta_pPos_F2":"FB", "ascFanta_pSName_F2":"", "ascFanta_pLName_F2":"", "ascFanta_pValue_F2":0.0, "ascFanta_pBuyDate_F2":"2019-02-20", "ascFanta_trKey_F2":"6c014bd6-3994-11e9-be1d-000c29d02d18", "ascFanta_pID_C1":"203999", "ascFanta_pPos_C1":"CB", "ascFanta_pSName_C1":"", "ascFanta_pLName_C1":"", "ascFanta_pValue_C1":0.0, "ascFanta_pBuyDate_C1":"2019-02-20", "ascFanta_trKey_C1":"6c014c0c-3994-11e9-be1d-000c29d02d18", "ascFanta_pID_B1":"201142", "ascFanta_pPos_B1":"FB", "ascFanta_pSName_B1":"", "ascFanta_pLName_B1":"", "ascFanta_pValue_B1":0.0, "ascFanta_pBuyDate_B1":"2019-02-20", "ascFanta_trKey_B1":"6c014c43-3994-11e9-be1d-000c29d02d18", "ascFanta_gValueGain":50.0, "ascFanta_gValueUsed":50.0, "ascFanta_gTradeGain":2, "ascFanta_gTradeUsed":0, "ascFanta_gValueRemain":0.0, "ascFanta_gValueBuyCount":0, "ascFanta_gTradeRemain":0, "ascFanta_gTradeBuyCount":0},
 {"idascFanta_UTRoster_Master_NBA_2018":13, "ascFanta_UserFBID":"", "ascFanta_UserIMEI":"", "ascFanta_TeamID":"8517b6b7-358c-11e9-b3a8-000c29d02d18", "ascFanta_TeamName":"comeon", "ascFanta_Group":"TMFriends", "ascFanta_GroupKey":"e1f72289-2122-11e9-9198-000c29d02d18", "ascFanta_RegDate":"2019-02-20 00:00:00", "ascFanta_LastUP":"2019-02-21 15:21:59", "ascFanta_pID_G1":"1", "ascFanta_pPos_G1":"GFCB", "ascFanta_pSName_G1":"", "ascFanta_pLName_G1":"", "ascFanta_pValue_G1":0.0, "ascFanta_pBuyDate_G1":"", "ascFanta_trKey_G1":"b660a1d2-35c0-11e9-b3a8-000c29d02d18", "ascFanta_pID_G2":"2", "ascFanta_pPos_G2":"GFCB", "ascFanta_pSName_G2":"", "ascFanta_pLName_G2":"", "ascFanta_pValue_G2":0.0, "ascFanta_pBuyDate_G2":"", "ascFanta_trKey_G2":"b660a2eb-35c0-11e9-b3a8-000c29d02d18", "ascFanta_pID_F1":"3", "ascFanta_pPos_F1":"GFCB", "ascFanta_pSName_F1":"", "ascFanta_pLName_F1":"", "ascFanta_pValue_F1":0.0, "ascFanta_pBuyDate_F1":"", "ascFanta_trKey_F1":"b660a344-35c0-11e9-b3a8-000c29d02d18", "ascFanta_pID_F2":"4", "ascFanta_pPos_F2":"GFCB", "ascFanta_pSName_F2":"", "ascFanta_pLName_F2":"", "ascFanta_pValue_F2":0.0, "ascFanta_pBuyDate_F2":"", "ascFanta_trKey_F2":"b660a394-35c0-11e9-b3a8-000c29d02d18", "ascFanta_pID_C1":"5", "ascFanta_pPos_C1":"GFCB", "ascFanta_pSName_C1":"", "ascFanta_pLName_C1":"", "ascFanta_pValue_C1":0.0, "ascFanta_pBuyDate_C1":"", "ascFanta_trKey_C1":"b660a3e4-35c0-11e9-b3a8-000c29d02d18", "ascFanta_pID_B1":"6", "ascFanta_pPos_B1":"GFCB", "ascFanta_pSName_B1":"", "ascFanta_pLName_B1":"", "ascFanta_pValue_B1":0.0, "ascFanta_pBuyDate_B1":"", "ascFanta_trKey_B1":"b660a433-35c0-11e9-b3a8-000c29d02d18", "ascFanta_gValueGain":0.0, "ascFanta_gValueUsed":0.0, "ascFanta_gTradeGain":0, "ascFanta_gTradeUsed":0, "ascFanta_gValueRemain":45.0, "ascFanta_gValueBuyCount":0, "ascFanta_gTradeRemain":0, "ascFanta_gTradeBuyCount":0},
 {"idascFanta_UTRoster_Master_NBA_2018":14, "ascFanta_UserFBID":"", "ascFanta_UserIMEI":"", "ascFanta_TeamID":"c90da366-3b05-11e9-927e-000c29d02d18", "ascFanta_TeamName":"t1", "ascFanta_Group":"testing", "ascFanta_GroupKey":"c90da379-3b05-11e9-927e-000c29d02d18", "ascFanta_RegDate":"0000-00-00 00:00:00", "ascFanta_LastUP":"2019-02-20 00:00:00", "ascFanta_pID_G1":"202734", "ascFanta_pPos_G1":"GB", "ascFanta_pSName_G1":"", "ascFanta_pLName_G1":"", "ascFanta_pValue_G1":0.0, "ascFanta_pBuyDate_G1":"", "ascFanta_trKey_G1":"", "ascFanta_pID_G2":"203095", "ascFanta_pPos_G2":"GFB", "ascFanta_pSName_G2":"", "ascFanta_pLName_G2":"", "ascFanta_pValue_G2":0.0, "ascFanta_pBuyDate_G2":"", "ascFanta_trKey_G2":"", "ascFanta_pID_F1":"203112", "ascFanta_pPos_F1":"FB", "ascFanta_pSName_F1":"", "ascFanta_pLName_F1":"", "ascFanta_pValue_F1":0.0, "ascFanta_pBuyDate_F1":"", "ascFanta_trKey_F1":"", "ascFanta_pID_F2":"1626158", "ascFanta_pPos_F2":"FCB", "ascFanta_pSName_F2":"", "ascFanta_pLName_F2":"", "ascFanta_pValue_F2":0.0, "ascFanta_pBuyDate_F2":"", "ascFanta_trKey_F2":"", "ascFanta_pID_C1":"2403", "ascFanta_pPos_C1":"CFB", "ascFanta_pSName_C1":"", "ascFanta_pLName_C1":"", "ascFanta_pValue_C1":0.0, "ascFanta_pBuyDate_C1":"", "ascFanta_trKey_C1":"", "ascFanta_pID_B1":"1626171", "ascFanta_pPos_B1":"FB", "ascFanta_pSName_B1":"", "ascFanta_pLName_B1":"", "ascFanta_pValue_B1":0.0, "ascFanta_pBuyDate_B1":"", "ascFanta_trKey_B1":"", "ascFanta_gValueGain":0.0, "ascFanta_gValueUsed":0.0, "ascFanta_gTradeGain":0, "ascFanta_gTradeUsed":0, "ascFanta_gValueRemain":0.0, "ascFanta_gValueBuyCount":0, "ascFanta_gTradeRemain":0, "ascFanta_gTradeBuyCount":0},
 {"idascFanta_UTRoster_Master_NBA_2018":15, "ascFanta_UserFBID":"", "ascFanta_UserIMEI":"", "ascFanta_TeamID":"c90da496-3b05-11e9-927e-000c29d02d18", "ascFanta_TeamName":"t2", "ascFanta_Group":"testing", "ascFanta_GroupKey":"c90da379-3b05-11e9-927e-000c29d02d18", "ascFanta_RegDate":"2019-02-20 00:00:00", "ascFanta_LastUP":"2019-02-20 00:00:00", "ascFanta_pID_G1":"203917", "ascFanta_pPos_G1":"GB", "ascFanta_pSName_G1":"", "ascFanta_pLName_G1":"", "ascFanta_pValue_G1":0.0, "ascFanta_pBuyDate_G1":"", "ascFanta_trKey_G1":"", "ascFanta_pID_G2":"203145", "ascFanta_pPos_G2":"GB", "ascFanta_pSName_G2":"", "ascFanta_pLName_G2":"", "ascFanta_pValue_G2":0.0, "ascFanta_pBuyDate_G2":"", "ascFanta_trKey_G2":"", "ascFanta_pID_F1":"203460", "ascFanta_pPos_F1":"GFB", "ascFanta_pSName_F1":"", "ascFanta_pLName_F1":"", "ascFanta_pValue_F1":0.0, "ascFanta_pBuyDate_F1":"", "ascFanta_trKey_F1":"", "ascFanta_pID_F2":"1628470", "ascFanta_pPos_F2":"FB", "ascFanta_pSName_F2":"", "ascFanta_pLName_F2":"", "ascFanta_pValue_F2":0.0, "ascFanta_pBuyDate_F2":"", "ascFanta_trKey_F2":"", "ascFanta_pID_C1":"203999", "ascFanta_pPos_C1":"CB", "ascFanta_pSName_C1":"", "ascFanta_pLName_C1":"", "ascFanta_pValue_C1":0.0, "ascFanta_pBuyDate_C1":"", "ascFanta_trKey_C1":"", "ascFanta_pID_B1":"202325", "ascFanta_pPos_B1":"FGB", "ascFanta_pSName_B1":"", "ascFanta_pLName_B1":"", "ascFanta_pValue_B1":0.0, "ascFanta_pBuyDate_B1":"", "ascFanta_trKey_B1":"", "ascFanta_gValueGain":0.0, "ascFanta_gValueUsed":0.0, "ascFanta_gTradeGain":0, "ascFanta_gTradeUsed":0, "ascFanta_gValueRemain":0.0, "ascFanta_gValueBuyCount":0, "ascFanta_gTradeRemain":0, "ascFanta_gTradeBuyCount":0},
 {"idascFanta_UTRoster_Master_NBA_2018":16, "ascFanta_UserFBID":"", "ascFanta_UserIMEI":"", "ascFanta_TeamID":"c90da54c-3b05-11e9-927e-000c29d02d18", "ascFanta_TeamName":"t3", "ascFanta_Group":"TMFriends", "ascFanta_GroupKey":"e1f72289-2122-11e9-9198-000c29d02d18", "ascFanta_RegDate":"2019-02-20 00:00:00", "ascFanta_LastUP":"2019-02-20 00:00:00", "ascFanta_pID_G1":"1628988", "ascFanta_pPos_G1":"GB", "ascFanta_pSName_G1":"", "ascFanta_pLName_G1":"", "ascFanta_pValue_G1":0.0, "ascFanta_pBuyDate_G1":"", "ascFanta_trKey_G1":"", "ascFanta_pID_G2":"203078", "ascFanta_pPos_G2":"GB", "ascFanta_pSName_G2":"", "ascFanta_pLName_G2":"", "ascFanta_pValue_G2":0.0, "ascFanta_pBuyDate_G2":"", "ascFanta_trKey_G2":"", "ascFanta_pID_F1":"1627772", "ascFanta_pPos_F1":"GFB", "ascFanta_pSName_F1":"", "ascFanta_pLName_F1":"", "ascFanta_pValue_F1":0.0, "ascFanta_pBuyDate_F1":"", "ascFanta_trKey_F1":"", "ascFanta_pID_F2":"203944", "ascFanta_pPos_F2":"CFB", "ascFanta_pSName_F2":"", "ascFanta_pLName_F2":"", "ascFanta_pValue_F2":0.0, "ascFanta_pBuyDate_F2":"", "ascFanta_trKey_F2":"", "ascFanta_pID_C1":"2199", "ascFanta_pPos_C1":"CB", "ascFanta_pSName_C1":"", "ascFanta_pLName_C1":"", "ascFanta_pValue_C1":0.0, "ascFanta_pBuyDate_C1":"", "ascFanta_trKey_C1":"", "ascFanta_pID_B1":"1627752", "ascFanta_pPos_B1":"FB", "ascFanta_pSName_B1":"", "ascFanta_pLName_B1":"", "ascFanta_pValue_B1":0.0, "ascFanta_pBuyDate_B1":"", "ascFanta_trKey_B1":"", "ascFanta_gValueGain":0.0, "ascFanta_gValueUsed":0.0, "ascFanta_gTradeGain":0, "ascFanta_gTradeUsed":0, "ascFanta_gValueRemain":0.0, "ascFanta_gValueBuyCount":0, "ascFanta_gTradeRemain":0, "ascFanta_gTradeBuyCount":0},
 {"idascFanta_UTRoster_Master_NBA_2018":17, "ascFanta_UserFBID":"", "ascFanta_UserIMEI":"", "ascFanta_TeamID":"c90da5a3-3b05-11e9-927e-000c29d02d18", "ascFanta_TeamName":"t4", "ascFanta_Group":"Others", "ascFanta_GroupKey":"c90da5a8-3b05-11e9-927e-000c29d02d18", "ascFanta_RegDate":"2019-02-20 00:00:00", "ascFanta_LastUP":"2019-02-20 00:00:00", "ascFanta_pID_G1":"1628443", "ascFanta_pPos_G1":"GB", "ascFanta_pSName_G1":"", "ascFanta_pLName_G1":"", "ascFanta_pValue_G1":0.0, "ascFanta_pBuyDate_G1":"", "ascFanta_trKey_G1":"", "ascFanta_pID_G2":"203471", "ascFanta_pPos_G2":"GB", "ascFanta_pSName_G2":"", "ascFanta_pLName_G2":"", "ascFanta_pValue_G2":0.0, "ascFanta_pBuyDate_G2":"", "ascFanta_trKey_G2":"", "ascFanta_pID_F1":"1627767", "ascFanta_pPos_F1":"FB", "ascFanta_pSName_F1":"", "ascFanta_pLName_F1":"", "ascFanta_pValue_F1":0.0, "ascFanta_pBuyDate_F1":"", "ascFanta_trKey_F1":"", "ascFanta_pID_F2":"203922", "ascFanta_pPos_F2":"GFB", "ascFanta_pSName_F2":"", "ascFanta_pLName_F2":"", "ascFanta_pValue_F2":0.0, "ascFanta_pBuyDate_F2":"", "ascFanta_trKey_F2":"", "ascFanta_pID_C1":"101162", "ascFanta_pPos_C1":"CB", "ascFanta_pSName_C1":"", "ascFanta_pLName_C1":"", "ascFanta_pValue_C1":0.0, "ascFanta_pBuyDate_C1":"", "ascFanta_trKey_C1":"", "ascFanta_pID_B1":"203118", "ascFanta_pPos_B1":"FB", "ascFanta_pSName_B1":"", "ascFanta_pLName_B1":"", "ascFanta_pValue_B1":0.0, "ascFanta_pBuyDate_B1":"", "ascFanta_trKey_B1":"", "ascFanta_gValueGain":0.0, "ascFanta_gValueUsed":0.0, "ascFanta_gTradeGain":0, "ascFanta_gTradeUsed":0, "ascFanta_gValueRemain":0.0, "ascFanta_gValueBuyCount":0, "ascFanta_gTradeRemain":0, "ascFanta_gTradeBuyCount":0},
 {"idascFanta_UTRoster_Master_NBA_2018":18, "ascFanta_UserFBID":"", "ascFanta_UserIMEI":"", "ascFanta_TeamID":"eefd2986-3b05-11e9-927e-000c29d02d18", "ascFanta_TeamName":"t5", "ascFanta_Group":"testing", "ascFanta_GroupKey":"c90da379-3b05-11e9-927e-000c29d02d18", "ascFanta_RegDate":"2019-02-20 00:00:00", "ascFanta_LastUP":"2019-02-20 00:00:00", "ascFanta_pID_G1":"1628372", "ascFanta_pPos_G1":"GB", "ascFanta_pSName_G1":"", "ascFanta_pLName_G1":"", "ascFanta_pValue_G1":0.0, "ascFanta_pBuyDate_G1":"", "ascFanta_trKey_G1":"", "ascFanta_pID_G2":"1627936", "ascFanta_pPos_G2":"GB", "ascFanta_pSName_G2":"", "ascFanta_pLName_G2":"", "ascFanta_pValue_G2":0.0, "ascFanta_pBuyDate_G2":"", "ascFanta_trKey_G2":"", "ascFanta_pID_F1":"203953", "ascFanta_pPos_F1":"FB", "ascFanta_pSName_F1":"", "ascFanta_pLName_F1":"", "ascFanta_pValue_F1":0.0, "ascFanta_pBuyDate_F1":"", "ascFanta_trKey_F1":"", "ascFanta_pID_F2":"203507", "ascFanta_pPos_F2":"FB", "ascFanta_pSName_F2":"", "ascFanta_pLName_F2":"", "ascFanta_pValue_F2":0.0, "ascFanta_pBuyDate_F2":"", "ascFanta_trKey_F2":"", "ascFanta_pID_C1":"1628383", "ascFanta_pPos_C1":"CB", "ascFanta_pSName_C1":"", "ascFanta_pLName_C1":"", "ascFanta_pValue_C1":0.0, "ascFanta_pBuyDate_C1":"", "ascFanta_trKey_C1":"", "ascFanta_pID_B1":"101139", "ascFanta_pPos_B1":"FGB", "ascFanta_pSName_B1":"", "ascFanta_pLName_B1":"", "ascFanta_pValue_B1":0.0, "ascFanta_pBuyDate_B1":"", "ascFanta_trKey_B1":"", "ascFanta_gValueGain":0.0, "ascFanta_gValueUsed":0.0, "ascFanta_gTradeGain":0, "ascFanta_gTradeUsed":0, "ascFanta_gValueRemain":0.0, "ascFanta_gValueBuyCount":0, "ascFanta_gTradeRemain":0, "ascFanta_gTradeBuyCount":0}]