[{"idascFanta_UTRoster_DailyRank_NBA_2018_s2":103, "ascFanta_TeamID":"ca9e8ee9-2122-11e9-9198-000c29d02d18", "ascFanta_TeamName":"treeroot", "ascFanta_Group":"TMFriends", "ascFanta_GroupKey":"e1f72289-2122-11e9-9198-000c29d02d18", "ascFanta_TACP":115.0, "ascFanta_TeamValue":34.3, "ascFanta_gmDate":"2019-02-23", "ascFanta_TimeStamp":"2019-02-28 12:59:40", "ascFanta_LogKey":"a603108f-3b15-11e9-927e-000c29d02d18", "ascFanta_rStatus":"Outdated", "ascFanta_lastRank":7, "ascFanta_nowRank":6, "ascFanta_lastUTRank":3, "ascFanta_nowUTRank":3},
 {"idascFanta_UTRoster_DailyRank_NBA_2018_s2":102, "ascFanta_TeamID":"c90da5a3-3b05-11e9-927e-000c29d02d18", "ascFanta_TeamName":"t4", "ascFanta_Group":"Others", "ascFanta_GroupKey":"c90da5a8-3b05-11e9-927e-000c29d02d18", "ascFanta_TACP":149.0, "ascFanta_TeamValue":15.4, "ascFanta_gmDate":"2019-02-23", "ascFanta_TimeStamp":"2019-02-28 12:59:40", "ascFanta_LogKey":"a54fb436-3b15-11e9-927e-000c29d02d18", "ascFanta_rStatus":"Outdated", "ascFanta_lastRank":6, "ascFanta_nowRank":4, "ascFanta_lastUTRank":1, "ascFanta_nowUTRank":1},
 {"idascFanta_UTRoster_DailyRank_NBA_2018_s2":101, "ascFanta_TeamID":"c90da54c-3b05-11e9-927e-000c29d02d18", "ascFanta_TeamName":"t3", "ascFanta_Group":"TMFriends", "ascFanta_GroupKey":"e1f72289-2122-11e9-9198-000c29d02d18", "ascFanta_TACP":216.5, "ascFanta_TeamValue":27.7, "ascFanta_gmDate":"2019-02-23", "ascFanta_TimeStamp":"2019-02-28 12:59:40", "ascFanta_LogKey":"a5bb2ae0-3b15-11e9-927e-000c29d02d18", "ascFanta_rStatus":"Outdated", "ascFanta_lastRank":4, "ascFanta_nowRank":2, "ascFanta_lastUTRank":2, "ascFanta_nowUTRank":2},
 {"idascFanta_UTRoster_DailyRank_NBA_2018_s2":100, "ascFanta_TeamID":"c90da496-3b05-11e9-927e-000c29d02d18", "ascFanta_TeamName":"t2", "ascFanta_Group":"testing", "ascFanta_GroupKey":"c90da379-3b05-11e9-927e-000c29d02d18", "ascFanta_TACP":111.5, "ascFanta_TeamValue":24.1, "ascFanta_gmDate":"2019-02-23", "ascFanta_TimeStamp":"2019-02-28 12:59:40", "ascFanta_LogKey":"a52b7023-3b15-11e9-927e-000c29d02d18", "ascFanta_rStatus":"Outdated", "ascFanta_lastRank":5, "ascFanta_nowRank":7, "ascFanta_lastUTRank":3, "ascFanta_nowUTRank":1},
 {"idascFanta_UTRoster_DailyRank_NBA_2018_s2":99, "ascFanta_TeamID":"c90da366-3b05-11e9-927e-000c29d02d18", "ascFanta_TeamName":"t1", "ascFanta_Group":"testing", "ascFanta_GroupKey":"c90da379-3b05-11e9-927e-000c29d02d18", "ascFanta_TACP":137.0, "ascFanta_TeamValue":18.9, "ascFanta_gmDate":"2019-02-23", "ascFanta_TimeStamp":"2019-02-28 12:59:40", "ascFanta_LogKey":"a597b3bf-3b15-11e9-927e-000c29d02d18", "ascFanta_rStatus":"Outdated", "ascFanta_lastRank":3, "ascFanta_nowRank":5, "ascFanta_lastUTRank":2, "ascFanta_nowUTRank":3},
 {"idascFanta_UTRoster_DailyRank_NBA_2018_s2":98, "ascFanta_TeamID":"06651b08-2472-11e9-bf59-000c29d02d18", "ascFanta_TeamName":"piano", "ascFanta_Group":"TMFriends", "ascFanta_GroupKey":"e1f72289-2122-11e9-9198-000c29d02d18", "ascFanta_TACP":461.5, "ascFanta_TeamValue":73.1, "ascFanta_gmDate":"2019-02-23", "ascFanta_TimeStamp":"2019-02-28 12:59:40", "ascFanta_LogKey":"a5df8aac-3b15-11e9-927e-000c29d02d18", "ascFanta_rStatus":"Outdated", "ascFanta_lastRank":1, "ascFanta_nowRank":1, "ascFanta_lastUTRank":1, "ascFanta_nowUTRank":1},
 {"idascFanta_UTRoster_DailyRank_NBA_2018_s2":97, "ascFanta_TeamID":"eefd2986-3b05-11e9-927e-000c29d02d18", "ascFanta_TeamName":"t5", "ascFanta_Group":"testing", "ascFanta_GroupKey":"c90da379-3b05-11e9-927e-000c29d02d18", "ascFanta_TACP":93.0, "ascFanta_TeamValue":23.0, "ascFanta_gmDate":"2019-02-22", "ascFanta_TimeStamp":"2019-02-28 12:58:46", "ascFanta_LogKey":"850d8f35-3b15-11e9-927e-000c29d02d18", "ascFanta_rStatus":"Outdated", "ascFanta_lastRank":2, "ascFanta_nowRank":2, "ascFanta_lastUTRank":1, "ascFanta_nowUTRank":2},
 {"idascFanta_UTRoster_DailyRank_NBA_2018_s2":96, "ascFanta_TeamID":"ca9e8ee9-2122-11e9-9198-000c29d02d18", "ascFanta_TeamName":"treeroot", "ascFanta_Group":"TMFriends", "ascFanta_GroupKey":"e1f72289-2122-11e9-9198-000c29d02d18", "ascFanta_TACP":59.5, "ascFanta_TeamValue":34.3, "ascFanta_gmDate":"2019-02-22", "ascFanta_TimeStamp":"2019-02-28 12:58:46", "ascFanta_LogKey":"857c6281-3b15-11e9-927e-000c29d02d18", "ascFanta_rStatus":"Outdated", "ascFanta_lastRank":5, "ascFanta_nowRank":7, "ascFanta_lastUTRank":2, "ascFanta_nowUTRank":3},
 {"idascFanta_UTRoster_DailyRank_NBA_2018_s2":95, "ascFanta_TeamID":"c90da5a3-3b05-11e9-927e-000c29d02d18", "ascFanta_TeamName":"t4", "ascFanta_Group":"Others", "ascFanta_GroupKey":"c90da5a8-3b05-11e9-927e-000c29d02d18", "ascFanta_TACP":72.0, "ascFanta_TeamValue":15.4, "ascFanta_gmDate":"2019-02-22", "ascFanta_TimeStamp":"2019-02-28 12:58:46", "ascFanta_LogKey":"84e77b64-3b15-11e9-927e-000c29d02d18", "ascFanta_rStatus":"Outdated", "ascFanta_lastRank":4, "ascFanta_nowRank":6, "ascFanta_lastUTRank":1, "ascFanta_nowUTRank":1},
 {"idascFanta_UTRoster_DailyRank_NBA_2018_s2":94, "ascFanta_TeamID":"c90da54c-3b05-11e9-927e-000c29d02d18", "ascFanta_TeamName":"t3", "ascFanta_Group":"TMFriends", "ascFanta_GroupKey":"e1f72289-2122-11e9-9198-000c29d02d18", "ascFanta_TACP":91.5, "ascFanta_TeamValue":27.7, "ascFanta_gmDate":"2019-02-22", "ascFanta_TimeStamp":"2019-02-28 12:58:46", "ascFanta_LogKey":"853194fb-3b15-11e9-927e-000c29d02d18", "ascFanta_rStatus":"Outdated", "ascFanta_lastRank":6, "ascFanta_nowRank":4, "ascFanta_lastUTRank":3, "ascFanta_nowUTRank":2},
 {"idascFanta_UTRoster_DailyRank_NBA_2018_s2":93, "ascFanta_TeamID":"c90da496-3b05-11e9-927e-000c29d02d18", "ascFanta_TeamName":"t2", "ascFanta_Group":"testing", "ascFanta_GroupKey":"c90da379-3b05-11e9-927e-000c29d02d18", "ascFanta_TACP":76.5, "ascFanta_TeamValue":24.1, "ascFanta_gmDate":"2019-02-22", "ascFanta_TimeStamp":"2019-02-28 12:58:46", "ascFanta_LogKey":"849f5330-3b15-11e9-927e-000c29d02d18", "ascFanta_rStatus":"Outdated", "ascFanta_lastRank":7, "ascFanta_nowRank":5, "ascFanta_lastUTRank":3, "ascFanta_nowUTRank":1},
 {"idascFanta_UTRoster_DailyRank_NBA_2018_s2":92, "ascFanta_TeamID":"c90da366-3b05-11e9-927e-000c29d02d18", "ascFanta_TeamName":"t1", "ascFanta_Group":"testing", "ascFanta_GroupKey":"c90da379-3b05-11e9-927e-000c29d02d18", "ascFanta_TACP":92.5, "ascFanta_TeamValue":18.9, "ascFanta_gmDate":"2019-02-22", "ascFanta_TimeStamp":"2019-02-28 12:58:46", "ascFanta_LogKey":"84c31848-3b15-11e9-927e-000c29d02d18", "ascFanta_rStatus":"Outdated", "ascFanta_lastRank":3, "ascFanta_nowRank":3, "ascFanta_lastUTRank":2, "ascFanta_nowUTRank":3},
 {"idascFanta_UTRoster_DailyRank_NBA_2018_s2":91, "ascFanta_TeamID":"06651b08-2472-11e9-bf59-000c29d02d18", "ascFanta_TeamName":"piano", "ascFanta_Group":"TMFriends", "ascFanta_GroupKey":"e1f72289-2122-11e9-9198-000c29d02d18", "ascFanta_TACP":314.0, "ascFanta_TeamValue":73.1, "ascFanta_gmDate":"2019-02-22", "ascFanta_TimeStamp":"2019-02-28 12:58:46", "ascFanta_LogKey":"8556b76b-3b15-11e9-927e-000c29d02d18", "ascFanta_rStatus":"Outdated", "ascFanta_lastRank":1, "ascFanta_nowRank":1, "ascFanta_lastUTRank":1, "ascFanta_nowUTRank":1},
 {"idascFanta_UTRoster_DailyRank_NBA_2018_s2":90, "ascFanta_TeamID":"eefd2986-3b05-11e9-927e-000c29d02d18", "ascFanta_TeamName":"t5", "ascFanta_Group":"testing", "ascFanta_GroupKey":"c90da379-3b05-11e9-927e-000c29d02d18", "ascFanta_TACP":58.0, "ascFanta_TeamValue":23.0, "ascFanta_gmDate":"2019-02-21", "ascFanta_TimeStamp":"2019-02-28 12:57:32", "ascFanta_LogKey":"57e7df82-3b15-11e9-927e-000c29d02d18", "ascFanta_rStatus":"Outdated", "ascFanta_lastRank":1, "ascFanta_nowRank":2, "ascFanta_lastUTRank":1, "ascFanta_nowUTRank":2},
 {"idascFanta_UTRoster_DailyRank_NBA_2018_s2":85, "ascFanta_TeamID":"c90da366-3b05-11e9-927e-000c29d02d18", "ascFanta_TeamName":"t1", "ascFanta_Group":"testing", "ascFanta_GroupKey":"c90da379-3b05-11e9-927e-000c29d02d18", "ascFanta_TACP":17.5, "ascFanta_TeamValue":18.9, "ascFanta_gmDate":"2019-02-21", "ascFanta_TimeStamp":"2019-02-28 12:57:32", "ascFanta_LogKey":"58357652-3b15-11e9-927e-000c29d02d18", "ascFanta_rStatus":"Outdated", "ascFanta_lastRank":1, "ascFanta_nowRank":3, "ascFanta_lastUTRank":1, "ascFanta_nowUTRank":3},
 {"idascFanta_UTRoster_DailyRank_NBA_2018_s2":89, "ascFanta_TeamID":"ca9e8ee9-2122-11e9-9198-000c29d02d18", "ascFanta_TeamName":"treeroot", "ascFanta_Group":"TMFriends", "ascFanta_GroupKey":"e1f72289-2122-11e9-9198-000c29d02d18", "ascFanta_TACP":3.0, "ascFanta_TeamValue":34.3, "ascFanta_gmDate":"2019-02-21", "ascFanta_TimeStamp":"2019-02-28 12:57:32", "ascFanta_LogKey":"580de75f-3b15-11e9-927e-000c29d02d18", "ascFanta_rStatus":"Outdated", "ascFanta_lastRank":1, "ascFanta_nowRank":5, "ascFanta_lastUTRank":1, "ascFanta_nowUTRank":3},
 {"idascFanta_UTRoster_DailyRank_NBA_2018_s2":88, "ascFanta_TeamID":"c90da5a3-3b05-11e9-927e-000c29d02d18", "ascFanta_TeamName":"t4", "ascFanta_Group":"Others", "ascFanta_GroupKey":"c90da5a8-3b05-11e9-927e-000c29d02d18", "ascFanta_TACP":5.0, "ascFanta_TeamValue":15.4, "ascFanta_gmDate":"2019-02-21", "ascFanta_TimeStamp":"2019-02-28 12:57:32", "ascFanta_LogKey":"587f6cff-3b15-11e9-927e-000c29d02d18", "ascFanta_rStatus":"Outdated", "ascFanta_lastRank":1, "ascFanta_nowRank":4, "ascFanta_lastUTRank":1, "ascFanta_nowUTRank":1},
 {"idascFanta_UTRoster_DailyRank_NBA_2018_s2":87, "ascFanta_TeamID":"c90da54c-3b05-11e9-927e-000c29d02d18", "ascFanta_TeamName":"t3", "ascFanta_Group":"TMFriends", "ascFanta_GroupKey":"e1f72289-2122-11e9-9198-000c29d02d18", "ascFanta_TACP":0.5, "ascFanta_TeamValue":27.7, "ascFanta_gmDate":"2019-02-21", "ascFanta_TimeStamp":"2019-02-28 12:57:32", "ascFanta_LogKey":"58cca01d-3b15-11e9-927e-000c29d02d18", "ascFanta_rStatus":"Outdated", "ascFanta_lastRank":1, "ascFanta_nowRank":6, "ascFanta_lastUTRank":1, "ascFanta_nowUTRank":2},
 {"idascFanta_UTRoster_DailyRank_NBA_2018_s2":86, "ascFanta_TeamID":"c90da496-3b05-11e9-927e-000c29d02d18", "ascFanta_TeamName":"t2", "ascFanta_Group":"testing", "ascFanta_GroupKey":"c90da379-3b05-11e9-927e-000c29d02d18", "ascFanta_TACP":0.0, "ascFanta_TeamValue":24.1, "ascFanta_gmDate":"2019-02-21", "ascFanta_TimeStamp":"2019-02-28 12:57:32", "ascFanta_LogKey":"585a4f78-3b15-11e9-927e-000c29d02d18", "ascFanta_rStatus":"Outdated", "ascFanta_lastRank":1, "ascFanta_nowRank":7, "ascFanta_lastUTRank":1, "ascFanta_nowUTRank":1},
 {"idascFanta_UTRoster_DailyRank_NBA_2018_s2":83, "ascFanta_TeamID":"eefd2986-3b05-11e9-927e-000c29d02d18", "ascFanta_TeamName":"t5", "ascFanta_Group":"testing", "ascFanta_GroupKey":"c90da379-3b05-11e9-927e-000c29d02d18", "ascFanta_TACP":0.0, "ascFanta_TeamValue":23.0, "ascFanta_gmDate":"2019-02-20", "ascFanta_TimeStamp":"2019-02-28 12:55:54", "ascFanta_LogKey":"1ee7da1f-3b15-11e9-927e-000c29d02d18", "ascFanta_rStatus":"Outdated", "ascFanta_lastRank":0, "ascFanta_nowRank":1, "ascFanta_lastUTRank":0, "ascFanta_nowUTRank":2},
 {"idascFanta_UTRoster_DailyRank_NBA_2018_s2":84, "ascFanta_TeamID":"06651b08-2472-11e9-bf59-000c29d02d18", "ascFanta_TeamName":"piano", "ascFanta_Group":"TMFriends", "ascFanta_GroupKey":"e1f72289-2122-11e9-9198-000c29d02d18", "ascFanta_TACP":160.0, "ascFanta_TeamValue":73.1, "ascFanta_gmDate":"2019-02-21", "ascFanta_TimeStamp":"2019-02-28 12:57:32", "ascFanta_LogKey":"58a5de47-3b15-11e9-927e-000c29d02d18", "ascFanta_rStatus":"Outdated", "ascFanta_lastRank":1, "ascFanta_nowRank":1, "ascFanta_lastUTRank":1, "ascFanta_nowUTRank":1},
 {"idascFanta_UTRoster_DailyRank_NBA_2018_s2":82, "ascFanta_TeamID":"ca9e8ee9-2122-11e9-9198-000c29d02d18", "ascFanta_TeamName":"treeroot", "ascFanta_Group":"TMFriends", "ascFanta_GroupKey":"e1f72289-2122-11e9-9198-000c29d02d18", "ascFanta_TACP":0.0, "ascFanta_TeamValue":34.3, "ascFanta_gmDate":"2019-02-20", "ascFanta_TimeStamp":"2019-02-28 12:55:54", "ascFanta_LogKey":"1f158d8b-3b15-11e9-927e-000c29d02d18", "ascFanta_rStatus":"Outdated", "ascFanta_lastRank":0, "ascFanta_nowRank":1, "ascFanta_lastUTRank":0, "ascFanta_nowUTRank":3},
 {"idascFanta_UTRoster_DailyRank_NBA_2018_s2":81, "ascFanta_TeamID":"c90da5a3-3b05-11e9-927e-000c29d02d18", "ascFanta_TeamName":"t4", "ascFanta_Group":"Others", "ascFanta_GroupKey":"c90da5a8-3b05-11e9-927e-000c29d02d18", "ascFanta_TACP":0.0, "ascFanta_TeamValue":15.4, "ascFanta_gmDate":"2019-02-20", "ascFanta_TimeStamp":"2019-02-28 12:55:54", "ascFanta_LogKey":"1ec3ecda-3b15-11e9-927e-000c29d02d18", "ascFanta_rStatus":"Outdated", "ascFanta_lastRank":0, "ascFanta_nowRank":1, "ascFanta_lastUTRank":0, "ascFanta_nowUTRank":1},
 {"idascFanta_UTRoster_DailyRank_NBA_2018_s2":80, "ascFanta_TeamID":"c90da54c-3b05-11e9-927e-000c29d02d18", "ascFanta_TeamName":"t3", "ascFanta_Group":"TMFriends", "ascFanta_GroupKey":"e1f72289-2122-11e9-9198-000c29d02d18", "ascFanta_TACP":0.0, "ascFanta_TeamValue":27.7, "ascFanta_gmDate":"2019-02-20", "ascFanta_TimeStamp":"2019-02-28 12:55:54", "ascFanta_LogKey":"1f60026b-3b15-11e9-927e-000c29d02d18", "ascFanta_rStatus":"Outdated", "ascFanta_lastRank":0, "ascFanta_nowRank":1, "ascFanta_lastUTRank":0, "ascFanta_nowUTRank":2},
 {"idascFanta_UTRoster_DailyRank_NBA_2018_s2":78, "ascFanta_TeamID":"c90da366-3b05-11e9-927e-000c29d02d18", "ascFanta_TeamName":"t1", "ascFanta_Group":"testing", "ascFanta_GroupKey":"c90da379-3b05-11e9-927e-000c29d02d18", "ascFanta_TACP":0.0, "ascFanta_TeamValue":18.9, "ascFanta_gmDate":"2019-02-20", "ascFanta_TimeStamp":"2019-02-28 12:55:54", "ascFanta_LogKey":"1e7cb575-3b15-11e9-927e-000c29d02d18", "ascFanta_rStatus":"Outdated", "ascFanta_lastRank":0, "ascFanta_nowRank":1, "ascFanta_lastUTRank":0, "ascFanta_nowUTRank":3},
 {"idascFanta_UTRoster_DailyRank_NBA_2018_s2":77, "ascFanta_TeamID":"06651b08-2472-11e9-bf59-000c29d02d18", "ascFanta_TeamName":"piano", "ascFanta_Group":"TMFriends", "ascFanta_GroupKey":"e1f72289-2122-11e9-9198-000c29d02d18", "ascFanta_TACP":0.0, "ascFanta_TeamValue":73.1, "ascFanta_gmDate":"2019-02-20", "ascFanta_TimeStamp":"2019-02-28 12:55:54", "ascFanta_LogKey":"1f3bf26c-3b15-11e9-927e-000c29d02d18", "ascFanta_rStatus":"Outdated", "ascFanta_lastRank":0, "ascFanta_nowRank":1, "ascFanta_lastUTRank":0, "ascFanta_nowUTRank":1},
 {"idascFanta_UTRoster_DailyRank_NBA_2018_s2":79, "ascFanta_TeamID":"c90da496-3b05-11e9-927e-000c29d02d18", "ascFanta_TeamName":"t2", "ascFanta_Group":"testing", "ascFanta_GroupKey":"c90da379-3b05-11e9-927e-000c29d02d18", "ascFanta_TACP":0.0, "ascFanta_TeamValue":24.1, "ascFanta_gmDate":"2019-02-20", "ascFanta_TimeStamp":"2019-02-28 12:55:54", "ascFanta_LogKey":"1ea062ab-3b15-11e9-927e-000c29d02d18", "ascFanta_rStatus":"Outdated", "ascFanta_lastRank":0, "ascFanta_nowRank":1, "ascFanta_lastUTRank":0, "ascFanta_nowUTRank":1},
 {"idascFanta_UTRoster_DailyRank_NBA_2018_s2":104, "ascFanta_TeamID":"eefd2986-3b05-11e9-927e-000c29d02d18", "ascFanta_TeamName":"t5", "ascFanta_Group":"testing", "ascFanta_GroupKey":"c90da379-3b05-11e9-927e-000c29d02d18", "ascFanta_TACP":170.0, "ascFanta_TeamValue":23.0, "ascFanta_gmDate":"2019-02-23", "ascFanta_TimeStamp":"2019-02-28 12:59:40", "ascFanta_LogKey":"a573b72f-3b15-11e9-927e-000c29d02d18", "ascFanta_rStatus":"Outdated", "ascFanta_lastRank":2, "ascFanta_nowRank":3, "ascFanta_lastUTRank":1, "ascFanta_nowUTRank":2},
 {"idascFanta_UTRoster_DailyRank_NBA_2018_s2":105, "ascFanta_TeamID":"06651b08-2472-11e9-bf59-000c29d02d18", "ascFanta_TeamName":"piano", "ascFanta_Group":"TMFriends", "ascFanta_GroupKey":"e1f72289-2122-11e9-9198-000c29d02d18", "ascFanta_TACP":512.0, "ascFanta_TeamValue":73.1, "ascFanta_gmDate":"2019-02-24", "ascFanta_TimeStamp":"2019-02-28 13:01:27", "ascFanta_LogKey":"e5436f27-3b15-11e9-927e-000c29d02d18", "ascFanta_rStatus":"Outdated", "ascFanta_lastRank":1, "ascFanta_nowRank":1, "ascFanta_lastUTRank":1, "ascFanta_nowUTRank":1},
 {"idascFanta_UTRoster_DailyRank_NBA_2018_s2":106, "ascFanta_TeamID":"c90da366-3b05-11e9-927e-000c29d02d18", "ascFanta_TeamName":"t1", "ascFanta_Group":"testing", "ascFanta_GroupKey":"c90da379-3b05-11e9-927e-000c29d02d18", "ascFanta_TACP":150.5, "ascFanta_TeamValue":18.9, "ascFanta_gmDate":"2019-02-24", "ascFanta_TimeStamp":"2019-02-28 13:01:27", "ascFanta_LogKey":"e5d7f513-3b15-11e9-927e-000c29d02d18", "ascFanta_rStatus":"Outdated", "ascFanta_lastRank":5, "ascFanta_nowRank":5, "ascFanta_lastUTRank":2, "ascFanta_nowUTRank":3},
 {"idascFanta_UTRoster_DailyRank_NBA_2018_s2":107, "ascFanta_TeamID":"c90da496-3b05-11e9-927e-000c29d02d18", "ascFanta_TeamName":"t2", "ascFanta_Group":"testing", "ascFanta_GroupKey":"c90da379-3b05-11e9-927e-000c29d02d18", "ascFanta_TACP":170.5, "ascFanta_TeamValue":24.1, "ascFanta_gmDate":"2019-02-24", "ascFanta_TimeStamp":"2019-02-28 13:01:27", "ascFanta_LogKey":"e5fd4873-3b15-11e9-927e-000c29d02d18", "ascFanta_rStatus":"Outdated", "ascFanta_lastRank":7, "ascFanta_nowRank":4, "ascFanta_lastUTRank":3, "ascFanta_nowUTRank":1},
 {"idascFanta_UTRoster_DailyRank_NBA_2018_s2":108, "ascFanta_TeamID":"c90da54c-3b05-11e9-927e-000c29d02d18", "ascFanta_TeamName":"t3", "ascFanta_Group":"TMFriends", "ascFanta_GroupKey":"e1f72289-2122-11e9-9198-000c29d02d18", "ascFanta_TACP":216.5, "ascFanta_TeamValue":27.7, "ascFanta_gmDate":"2019-02-24", "ascFanta_TimeStamp":"2019-02-28 13:01:27", "ascFanta_LogKey":"e51de226-3b15-11e9-927e-000c29d02d18", "ascFanta_rStatus":"Outdated", "ascFanta_lastRank":2, "ascFanta_nowRank":3, "ascFanta_lastUTRank":2, "ascFanta_nowUTRank":2},
 {"idascFanta_UTRoster_DailyRank_NBA_2018_s2":109, "ascFanta_TeamID":"c90da5a3-3b05-11e9-927e-000c29d02d18", "ascFanta_TeamName":"t4", "ascFanta_Group":"Others", "ascFanta_GroupKey":"c90da5a8-3b05-11e9-927e-000c29d02d18", "ascFanta_TACP":149.0, "ascFanta_TeamValue":15.4, "ascFanta_gmDate":"2019-02-24", "ascFanta_TimeStamp":"2019-02-28 13:01:27", "ascFanta_LogKey":"e58c8374-3b15-11e9-927e-000c29d02d18", "ascFanta_rStatus":"Outdated", "ascFanta_lastRank":4, "ascFanta_nowRank":6, "ascFanta_lastUTRank":1, "ascFanta_nowUTRank":1},
 {"idascFanta_UTRoster_DailyRank_NBA_2018_s2":110, "ascFanta_TeamID":"ca9e8ee9-2122-11e9-9198-000c29d02d18", "ascFanta_TeamName":"treeroot", "ascFanta_Group":"TMFriends", "ascFanta_GroupKey":"e1f72289-2122-11e9-9198-000c29d02d18", "ascFanta_TACP":115.0, "ascFanta_TeamValue":34.3, "ascFanta_gmDate":"2019-02-24", "ascFanta_TimeStamp":"2019-02-28 13:01:27", "ascFanta_LogKey":"e567990d-3b15-11e9-927e-000c29d02d18", "ascFanta_rStatus":"Outdated", "ascFanta_lastRank":6, "ascFanta_nowRank":7, "ascFanta_lastUTRank":3, "ascFanta_nowUTRank":3},
 {"idascFanta_UTRoster_DailyRank_NBA_2018_s2":111, "ascFanta_TeamID":"eefd2986-3b05-11e9-927e-000c29d02d18", "ascFanta_TeamName":"t5", "ascFanta_Group":"testing", "ascFanta_GroupKey":"c90da379-3b05-11e9-927e-000c29d02d18", "ascFanta_TACP":223.5, "ascFanta_TeamValue":23.0, "ascFanta_gmDate":"2019-02-24", "ascFanta_TimeStamp":"2019-02-28 13:01:27", "ascFanta_LogKey":"e5b1fdda-3b15-11e9-927e-000c29d02d18", "ascFanta_rStatus":"Outdated", "ascFanta_lastRank":3, "ascFanta_nowRank":2, "ascFanta_lastUTRank":1, "ascFanta_nowUTRank":2},
 {"idascFanta_UTRoster_DailyRank_NBA_2018_s2":112, "ascFanta_TeamID":"06651b08-2472-11e9-bf59-000c29d02d18", "ascFanta_TeamName":"piano", "ascFanta_Group":"TMFriends", "ascFanta_GroupKey":"e1f72289-2122-11e9-9198-000c29d02d18", "ascFanta_TACP":616.5, "ascFanta_TeamValue":73.1, "ascFanta_gmDate":"2019-02-25", "ascFanta_TimeStamp":"2019-02-28 13:02:11", "ascFanta_LogKey":"ffa286c9-3b15-11e9-927e-000c29d02d18", "ascFanta_rStatus":"Outdated", "ascFanta_lastRank":1, "ascFanta_nowRank":1, "ascFanta_lastUTRank":1, "ascFanta_nowUTRank":1},
 {"idascFanta_UTRoster_DailyRank_NBA_2018_s2":113, "ascFanta_TeamID":"c90da366-3b05-11e9-927e-000c29d02d18", "ascFanta_TeamName":"t1", "ascFanta_Group":"testing", "ascFanta_GroupKey":"c90da379-3b05-11e9-927e-000c29d02d18", "ascFanta_TACP":192.5, "ascFanta_TeamValue":18.9, "ascFanta_gmDate":"2019-02-25", "ascFanta_TimeStamp":"2019-02-28 13:02:11", "ascFanta_LogKey":"00373829-3b16-11e9-927e-000c29d02d18", "ascFanta_rStatus":"Outdated", "ascFanta_lastRank":5, "ascFanta_nowRank":5, "ascFanta_lastUTRank":3, "ascFanta_nowUTRank":3},
 {"idascFanta_UTRoster_DailyRank_NBA_2018_s2":114, "ascFanta_TeamID":"c90da496-3b05-11e9-927e-000c29d02d18", "ascFanta_TeamName":"t2", "ascFanta_Group":"testing", "ascFanta_GroupKey":"c90da379-3b05-11e9-927e-000c29d02d18", "ascFanta_TACP":187.0, "ascFanta_TeamValue":24.1, "ascFanta_gmDate":"2019-02-25", "ascFanta_TimeStamp":"2019-02-28 13:02:11", "ascFanta_LogKey":"005b421b-3b16-11e9-927e-000c29d02d18", "ascFanta_rStatus":"Outdated", "ascFanta_lastRank":4, "ascFanta_nowRank":6, "ascFanta_lastUTRank":2, "ascFanta_nowUTRank":1},
 {"idascFanta_UTRoster_DailyRank_NBA_2018_s2":115, "ascFanta_TeamID":"c90da54c-3b05-11e9-927e-000c29d02d18", "ascFanta_TeamName":"t3", "ascFanta_Group":"TMFriends", "ascFanta_GroupKey":"e1f72289-2122-11e9-9198-000c29d02d18", "ascFanta_TACP":271.0, "ascFanta_TeamValue":27.7, "ascFanta_gmDate":"2019-02-25", "ascFanta_TimeStamp":"2019-02-28 13:02:11", "ascFanta_LogKey":"ff7e2554-3b15-11e9-927e-000c29d02d18", "ascFanta_rStatus":"Outdated", "ascFanta_lastRank":3, "ascFanta_nowRank":2, "ascFanta_lastUTRank":2, "ascFanta_nowUTRank":2},
 {"idascFanta_UTRoster_DailyRank_NBA_2018_s2":116, "ascFanta_TeamID":"c90da5a3-3b05-11e9-927e-000c29d02d18", "ascFanta_TeamName":"t4", "ascFanta_Group":"Others", "ascFanta_GroupKey":"c90da5a8-3b05-11e9-927e-000c29d02d18", "ascFanta_TACP":182.5, "ascFanta_TeamValue":15.4, "ascFanta_gmDate":"2019-02-25", "ascFanta_TimeStamp":"2019-02-28 13:02:11", "ascFanta_LogKey":"ffec3e5c-3b15-11e9-927e-000c29d02d18", "ascFanta_rStatus":"Outdated", "ascFanta_lastRank":6, "ascFanta_nowRank":7, "ascFanta_lastUTRank":1, "ascFanta_nowUTRank":1},
 {"idascFanta_UTRoster_DailyRank_NBA_2018_s2":117, "ascFanta_TeamID":"ca9e8ee9-2122-11e9-9198-000c29d02d18", "ascFanta_TeamName":"treeroot", "ascFanta_Group":"TMFriends", "ascFanta_GroupKey":"e1f72289-2122-11e9-9198-000c29d02d18", "ascFanta_TACP":228.5, "ascFanta_TeamValue":34.3, "ascFanta_gmDate":"2019-02-25", "ascFanta_TimeStamp":"2019-02-28 13:02:11", "ascFanta_LogKey":"ffc6e912-3b15-11e9-927e-000c29d02d18", "ascFanta_rStatus":"Outdated", "ascFanta_lastRank":7, "ascFanta_nowRank":3, "ascFanta_lastUTRank":3, "ascFanta_nowUTRank":3},
 {"idascFanta_UTRoster_DailyRank_NBA_2018_s2":118, "ascFanta_TeamID":"eefd2986-3b05-11e9-927e-000c29d02d18", "ascFanta_TeamName":"t5", "ascFanta_Group":"testing", "ascFanta_GroupKey":"c90da379-3b05-11e9-927e-000c29d02d18", "ascFanta_TACP":223.5, "ascFanta_TeamValue":23.0, "ascFanta_gmDate":"2019-02-25", "ascFanta_TimeStamp":"2019-02-28 13:02:11", "ascFanta_LogKey":"00125f8b-3b16-11e9-927e-000c29d02d18", "ascFanta_rStatus":"Outdated", "ascFanta_lastRank":2, "ascFanta_nowRank":4, "ascFanta_lastUTRank":1, "ascFanta_nowUTRank":2},
 {"idascFanta_UTRoster_DailyRank_NBA_2018_s2":119, "ascFanta_TeamID":"06651b08-2472-11e9-bf59-000c29d02d18", "ascFanta_TeamName":"piano", "ascFanta_Group":"TMFriends", "ascFanta_GroupKey":"e1f72289-2122-11e9-9198-000c29d02d18", "ascFanta_TACP":723.5, "ascFanta_TeamValue":73.1, "ascFanta_gmDate":"2019-02-26", "ascFanta_TimeStamp":"2019-02-28 13:03:16", "ascFanta_LogKey":"269af7a3-3b16-11e9-927e-000c29d02d18", "ascFanta_rStatus":"Outdated", "ascFanta_lastRank":1, "ascFanta_nowRank":1, "ascFanta_lastUTRank":1, "ascFanta_nowUTRank":1},
 {"idascFanta_UTRoster_DailyRank_NBA_2018_s2":120, "ascFanta_TeamID":"c90da366-3b05-11e9-927e-000c29d02d18", "ascFanta_TeamName":"t1", "ascFanta_Group":"testing", "ascFanta_GroupKey":"c90da379-3b05-11e9-927e-000c29d02d18", "ascFanta_TACP":228.5, "ascFanta_TeamValue":18.9, "ascFanta_gmDate":"2019-02-26", "ascFanta_TimeStamp":"2019-02-28 13:03:16", "ascFanta_LogKey":"2732f075-3b16-11e9-927e-000c29d02d18", "ascFanta_rStatus":"Outdated", "ascFanta_lastRank":5, "ascFanta_nowRank":6, "ascFanta_lastUTRank":2, "ascFanta_nowUTRank":3},
 {"idascFanta_UTRoster_DailyRank_NBA_2018_s2":121, "ascFanta_TeamID":"c90da496-3b05-11e9-927e-000c29d02d18", "ascFanta_TeamName":"t2", "ascFanta_Group":"testing", "ascFanta_GroupKey":"c90da379-3b05-11e9-927e-000c29d02d18", "ascFanta_TACP":263.0, "ascFanta_TeamValue":24.1, "ascFanta_gmDate":"2019-02-26", "ascFanta_TimeStamp":"2019-02-28 13:03:16", "ascFanta_LogKey":"275a0b09-3b16-11e9-927e-000c29d02d18", "ascFanta_rStatus":"Outdated", "ascFanta_lastRank":6, "ascFanta_nowRank":3, "ascFanta_lastUTRank":3, "ascFanta_nowUTRank":1},
 {"idascFanta_UTRoster_DailyRank_NBA_2018_s2":122, "ascFanta_TeamID":"c90da54c-3b05-11e9-927e-000c29d02d18", "ascFanta_TeamName":"t3", "ascFanta_Group":"TMFriends", "ascFanta_GroupKey":"e1f72289-2122-11e9-9198-000c29d02d18", "ascFanta_TACP":271.0, "ascFanta_TeamValue":27.7, "ascFanta_gmDate":"2019-02-26", "ascFanta_TimeStamp":"2019-02-28 13:03:16", "ascFanta_LogKey":"267683d3-3b16-11e9-927e-000c29d02d18", "ascFanta_rStatus":"Outdated", "ascFanta_lastRank":2, "ascFanta_nowRank":2, "ascFanta_lastUTRank":2, "ascFanta_nowUTRank":2},
 {"idascFanta_UTRoster_DailyRank_NBA_2018_s2":123, "ascFanta_TeamID":"c90da5a3-3b05-11e9-927e-000c29d02d18", "ascFanta_TeamName":"t4", "ascFanta_Group":"Others", "ascFanta_GroupKey":"c90da5a8-3b05-11e9-927e-000c29d02d18", "ascFanta_TACP":210.5, "ascFanta_TeamValue":15.4, "ascFanta_gmDate":"2019-02-26", "ascFanta_TimeStamp":"2019-02-28 13:03:16", "ascFanta_LogKey":"26e63c18-3b16-11e9-927e-000c29d02d18", "ascFanta_rStatus":"Outdated", "ascFanta_lastRank":7, "ascFanta_nowRank":7, "ascFanta_lastUTRank":1, "ascFanta_nowUTRank":1},
 {"idascFanta_UTRoster_DailyRank_NBA_2018_s2":124, "ascFanta_TeamID":"ca9e8ee9-2122-11e9-9198-000c29d02d18", "ascFanta_TeamName":"treeroot", "ascFanta_Group":"TMFriends", "ascFanta_GroupKey":"e1f72289-2122-11e9-9198-000c29d02d18", "ascFanta_TACP":244.0, "ascFanta_TeamValue":34.3, "ascFanta_gmDate":"2019-02-26", "ascFanta_TimeStamp":"2019-02-28 13:03:16", "ascFanta_LogKey":"26c09c72-3b16-11e9-927e-000c29d02d18", "ascFanta_rStatus":"Outdated", "ascFanta_lastRank":3, "ascFanta_nowRank":4, "ascFanta_lastUTRank":3, "ascFanta_nowUTRank":3},
 {"idascFanta_UTRoster_DailyRank_NBA_2018_s2":125, "ascFanta_TeamID":"eefd2986-3b05-11e9-927e-000c29d02d18", "ascFanta_TeamName":"t5", "ascFanta_Group":"testing", "ascFanta_GroupKey":"c90da379-3b05-11e9-927e-000c29d02d18", "ascFanta_TACP":240.0, "ascFanta_TeamValue":23.0, "ascFanta_gmDate":"2019-02-26", "ascFanta_TimeStamp":"2019-02-28 13:03:16", "ascFanta_LogKey":"270e8fec-3b16-11e9-927e-000c29d02d18", "ascFanta_rStatus":"Outdated", "ascFanta_lastRank":4, "ascFanta_nowRank":5, "ascFanta_lastUTRank":1, "ascFanta_nowUTRank":2},
 {"idascFanta_UTRoster_DailyRank_NBA_2018_s2":126, "ascFanta_TeamID":"06651b08-2472-11e9-bf59-000c29d02d18", "ascFanta_TeamName":"piano", "ascFanta_Group":"TMFriends", "ascFanta_GroupKey":"e1f72289-2122-11e9-9198-000c29d02d18", "ascFanta_TACP":872.5, "ascFanta_TeamValue":73.1, "ascFanta_gmDate":"2019-02-27", "ascFanta_TimeStamp":"2019-03-01 11:46:11", "ascFanta_LogKey":"8b9e2bac-3bd4-11e9-927e-000c29d02d18", "ascFanta_rStatus":"RnkCfm", "ascFanta_lastRank":1, "ascFanta_nowRank":1, "ascFanta_lastUTRank":1, "ascFanta_nowUTRank":0},
 {"idascFanta_UTRoster_DailyRank_NBA_2018_s2":127, "ascFanta_TeamID":"c90da366-3b05-11e9-927e-000c29d02d18", "ascFanta_TeamName":"t1", "ascFanta_Group":"testing", "ascFanta_GroupKey":"c90da379-3b05-11e9-927e-000c29d02d18", "ascFanta_TACP":263.5, "ascFanta_TeamValue":18.9, "ascFanta_gmDate":"2019-02-27", "ascFanta_TimeStamp":"2019-03-01 11:46:11", "ascFanta_LogKey":"8c3610d4-3bd4-11e9-927e-000c29d02d18", "ascFanta_rStatus":"RnkCfm", "ascFanta_lastRank":6, "ascFanta_nowRank":6, "ascFanta_lastUTRank":3, "ascFanta_nowUTRank":0},
 {"idascFanta_UTRoster_DailyRank_NBA_2018_s2":128, "ascFanta_TeamID":"c90da496-3b05-11e9-927e-000c29d02d18", "ascFanta_TeamName":"t2", "ascFanta_Group":"testing", "ascFanta_GroupKey":"c90da379-3b05-11e9-927e-000c29d02d18", "ascFanta_TACP":277.5, "ascFanta_TeamValue":24.1, "ascFanta_gmDate":"2019-02-27", "ascFanta_TimeStamp":"2019-03-01 11:46:11", "ascFanta_LogKey":"8c5d2e2b-3bd4-11e9-927e-000c29d02d18", "ascFanta_rStatus":"RnkCfm", "ascFanta_lastRank":3, "ascFanta_nowRank":5, "ascFanta_lastUTRank":1, "ascFanta_nowUTRank":0},
 {"idascFanta_UTRoster_DailyRank_NBA_2018_s2":129, "ascFanta_TeamID":"c90da54c-3b05-11e9-927e-000c29d02d18", "ascFanta_TeamName":"t3", "ascFanta_Group":"TMFriends", "ascFanta_GroupKey":"e1f72289-2122-11e9-9198-000c29d02d18", "ascFanta_TACP":371.5, "ascFanta_TeamValue":27.7, "ascFanta_gmDate":"2019-02-27", "ascFanta_TimeStamp":"2019-03-01 11:46:11", "ascFanta_LogKey":"8b7888c1-3bd4-11e9-927e-000c29d02d18", "ascFanta_rStatus":"RnkCfm", "ascFanta_lastRank":2, "ascFanta_nowRank":2, "ascFanta_lastUTRank":2, "ascFanta_nowUTRank":0},
 {"idascFanta_UTRoster_DailyRank_NBA_2018_s2":130, "ascFanta_TeamID":"c90da5a3-3b05-11e9-927e-000c29d02d18", "ascFanta_TeamName":"t4", "ascFanta_Group":"Others", "ascFanta_GroupKey":"c90da5a8-3b05-11e9-927e-000c29d02d18", "ascFanta_TACP":223.0, "ascFanta_TeamValue":15.4, "ascFanta_gmDate":"2019-02-27", "ascFanta_TimeStamp":"2019-03-01 11:46:11", "ascFanta_LogKey":"8be9d9e8-3bd4-11e9-927e-000c29d02d18", "ascFanta_rStatus":"RnkCfm", "ascFanta_lastRank":7, "ascFanta_nowRank":7, "ascFanta_lastUTRank":1, "ascFanta_nowUTRank":0},
 {"idascFanta_UTRoster_DailyRank_NBA_2018_s2":131, "ascFanta_TeamID":"ca9e8ee9-2122-11e9-9198-000c29d02d18", "ascFanta_TeamName":"treeroot", "ascFanta_Group":"TMFriends", "ascFanta_GroupKey":"e1f72289-2122-11e9-9198-000c29d02d18", "ascFanta_TACP":355.0, "ascFanta_TeamValue":34.3, "ascFanta_gmDate":"2019-02-27", "ascFanta_TimeStamp":"2019-03-01 11:46:11", "ascFanta_LogKey":"8bc3c644-3bd4-11e9-927e-000c29d02d18", "ascFanta_rStatus":"RnkCfm", "ascFanta_lastRank":4, "ascFanta_nowRank":3, "ascFanta_lastUTRank":3, "ascFanta_nowUTRank":0},
 {"idascFanta_UTRoster_DailyRank_NBA_2018_s2":132, "ascFanta_TeamID":"eefd2986-3b05-11e9-927e-000c29d02d18", "ascFanta_TeamName":"t5", "ascFanta_Group":"testing", "ascFanta_GroupKey":"c90da379-3b05-11e9-927e-000c29d02d18", "ascFanta_TACP":314.5, "ascFanta_TeamValue":23.0, "ascFanta_gmDate":"2019-02-27", "ascFanta_TimeStamp":"2019-03-01 11:46:11", "ascFanta_LogKey":"8c0f4491-3bd4-11e9-927e-000c29d02d18", "ascFanta_rStatus":"RnkCfm", "ascFanta_lastRank":5, "ascFanta_nowRank":4, "ascFanta_lastUTRank":2, "ascFanta_nowUTRank":0}]