[{"idascFanta_GameRule":1, "ascFanta_gameName":"ACP", "ascFanta_Parent":"0", "ascFanta_gameCode":"ACP", "ascFanta_ValueItem":"", "ascFanta_Value":0.0, "ascFanta_ValueSymbol":"", "ascFanta_Bonus":"", "ascFanta_BonusValue":0},
 {"idascFanta_GameRule":2, "ascFanta_gameName":"ACP", "ascFanta_Parent":"ACP", "ascFanta_gameCode":"ACP", "ascFanta_ValueItem":"ascFanta_Assists", "ascFanta_Value":2.0, "ascFanta_ValueSymbol":"", "ascFanta_Bonus":"", "ascFanta_BonusValue":0},
 {"idascFanta_GameRule":3, "ascFanta_gameName":"ACP", "ascFanta_Parent":"ACP", "ascFanta_gameCode":"ACP", "ascFanta_ValueItem":"ascFanta_totReb", "ascFanta_Value":1.5, "ascFanta_ValueSymbol":"", "ascFanta_Bonus":"", "ascFanta_BonusValue":0},
 {"idascFanta_GameRule":4, "ascFanta_gameName":"ACP", "ascFanta_Parent":"ACP", "ascFanta_gameCode":"ACP", "ascFanta_ValueItem":"ascFanta_points", "ascFanta_Value":1.0, "ascFanta_ValueSymbol":"", "ascFanta_Bonus":"", "ascFanta_BonusValue":0},
 {"idascFanta_GameRule":5, "ascFanta_gameName":"ACP", "ascFanta_Parent":"ACP", "ascFanta_gameCode":"ACP", "ascFanta_ValueItem":"ascFanta_Steals", "ascFanta_Value":2.5, "ascFanta_ValueSymbol":"", "ascFanta_Bonus":"", "ascFanta_BonusValue":0},
 {"idascFanta_GameRule":6, "ascFanta_gameName":"ACP", "ascFanta_Parent":"ACP", "ascFanta_gameCode":"ACP", "ascFanta_ValueItem":"ascFanta_Blocks", "ascFanta_Value":2.5, "ascFanta_ValueSymbol":"", "ascFanta_Bonus":"", "ascFanta_BonusValue":0},
 {"idascFanta_GameRule":7, "ascFanta_gameName":"ACP", "ascFanta_Parent":"ACP", "ascFanta_gameCode":"ACP", "ascFanta_ValueItem":"ascFanta_turnovers", "ascFanta_Value":-1.0, "ascFanta_ValueSymbol":"", "ascFanta_Bonus":"", "ascFanta_BonusValue":0},
 {"idascFanta_GameRule":8, "ascFanta_gameName":"ACP", "ascFanta_Parent":"ACP", "ascFanta_gameCode":"ACP", "ascFanta_ValueItem":"ascFanta_fgs", "ascFanta_Value":0.5, "ascFanta_ValueSymbol":"", "ascFanta_Bonus":"", "ascFanta_BonusValue":0},
 {"idascFanta_GameRule":9, "ascFanta_gameName":"ACP", "ascFanta_Parent":"ACP", "ascFanta_gameCode":"ACP", "ascFanta_ValueItem":"ascFanta_fts", "ascFanta_Value":-1.0, "ascFanta_ValueSymbol":"", "ascFanta_Bonus":"", "ascFanta_BonusValue":0},
 {"idascFanta_GameRule":10, "ascFanta_gameName":"ACP", "ascFanta_Parent":"ACP", "ascFanta_gameCode":"ACP", "ascFanta_ValueItem":"ascFanta_Bonus", "ascFanta_Value":10.0, "ascFanta_ValueSymbol":"", "ascFanta_Bonus":"TD", "ascFanta_BonusValue":10}]