[{"idascFanta_UTRoster_DailyLog_NBA":108, "ascFanta_TeamID":"c90da54c-3b05-11e9-927e-000c29d02d18", "ascFanta_TeamName":"t3", "ascFanta_Group":"TMFriends", "ascFanta_GroupKey":"e1f72289-2122-11e9-9198-000c29d02d18", "ascFanta_TeamValue":27.7, "ascFanta_TeamValueRemain":0.0, "ascFanta_pID_G1":"1628988", "ascFanta_trKey_G1":"", "ascFanta_pVal_G1":"1.40", "ascFanta_G1_ACP":0.0, "ascFanta_pID_G2":"203078", "ascFanta_trKey_G2":"", "ascFanta_pVal_G2":"9.70", "ascFanta_G2_ACP":0.0, "ascFanta_pID_F1":"1627772", "ascFanta_trKey_F1":"", "ascFanta_pVal_F1":"0.80", "ascFanta_F1_ACP":0.0, "ascFanta_pID_F2":"203944", "ascFanta_trKey_F2":"", "ascFanta_pVal_F2":"9.10", "ascFanta_F2_ACP":0.0, "ascFanta_pID_C1":"2199", "ascFanta_trKey_C1":"", "ascFanta_pVal_C1":"3.60", "ascFanta_C1_ACP":0.0, "ascFanta_pID_B1":"1627752", "ascFanta_trKey_B1":"", "ascFanta_pVal_B1":"3.10", "ascFanta_B1_ACP":0.0, "ascFanta_LogDate":"2019-02-24", "ascFanta_TodayTACP":0.0, "ascFanta_rStatus":"UTACPCfm", "ascFanta_Active":1, "ascFanta_LogKey":"e51de226-3b15-11e9-927e-000c29d02d18"},
 {"idascFanta_UTRoster_DailyLog_NBA":107, "ascFanta_TeamID":"c90da496-3b05-11e9-927e-000c29d02d18", "ascFanta_TeamName":"t2", "ascFanta_Group":"testing", "ascFanta_GroupKey":"c90da379-3b05-11e9-927e-000c29d02d18", "ascFanta_TeamValue":24.1, "ascFanta_TeamValueRemain":0.0, "ascFanta_pID_G1":"203917", "ascFanta_trKey_G1":"", "ascFanta_pVal_G1":"2.50", "ascFanta_G1_ACP":0.5, "ascFanta_pID_G2":"203145", "ascFanta_trKey_G2":"", "ascFanta_pVal_G2":"4.90", "ascFanta_G2_ACP":34.0, "ascFanta_pID_F1":"203460", "ascFanta_trKey_F1":"", "ascFanta_pVal_F1":"0.50", "ascFanta_F1_ACP":0.0, "ascFanta_pID_F2":"1628470", "ascFanta_trKey_F2":"", "ascFanta_pVal_F2":"3.20", "ascFanta_F2_ACP":0.0, "ascFanta_pID_C1":"203999", "ascFanta_trKey_C1":"", "ascFanta_pVal_C1":"11.90", "ascFanta_C1_ACP":0.0, "ascFanta_pID_B1":"202325", "ascFanta_trKey_B1":"", "ascFanta_pVal_B1":"1.10", "ascFanta_B1_ACP":0.5, "ascFanta_LogDate":"2019-02-23", "ascFanta_TodayTACP":35.0, "ascFanta_rStatus":"UTACPCfm", "ascFanta_Active":1, "ascFanta_LogKey":"a52b7023-3b15-11e9-927e-000c29d02d18"},
 {"idascFanta_UTRoster_DailyLog_NBA":104, "ascFanta_TeamID":"c90da5a3-3b05-11e9-927e-000c29d02d18", "ascFanta_TeamName":"t4", "ascFanta_Group":"Others", "ascFanta_GroupKey":"c90da5a8-3b05-11e9-927e-000c29d02d18", "ascFanta_TeamValue":15.4, "ascFanta_TeamValueRemain":0.0, "ascFanta_pID_G1":"1628443", "ascFanta_trKey_G1":"", "ascFanta_pVal_G1":"0.50", "ascFanta_G1_ACP":0.0, "ascFanta_pID_G2":"203471", "ascFanta_trKey_G2":"", "ascFanta_pVal_G2":"6.30", "ascFanta_G2_ACP":18.0, "ascFanta_pID_F1":"1627767", "ascFanta_trKey_F1":"", "ascFanta_pVal_F1":"1.40", "ascFanta_F1_ACP":37.5, "ascFanta_pID_F2":"203922", "ascFanta_trKey_F2":"", "ascFanta_pVal_F2":"1.00", "ascFanta_F2_ACP":0.0, "ascFanta_pID_C1":"101162", "ascFanta_trKey_C1":"", "ascFanta_pVal_C1":"3.60", "ascFanta_C1_ACP":0.0, "ascFanta_pID_B1":"203118", "ascFanta_trKey_B1":"", "ascFanta_pVal_B1":"2.60", "ascFanta_B1_ACP":21.5, "ascFanta_LogDate":"2019-02-23", "ascFanta_TodayTACP":77.0, "ascFanta_rStatus":"UTACPCfm", "ascFanta_Active":1, "ascFanta_LogKey":"a54fb436-3b15-11e9-927e-000c29d02d18"},
 {"idascFanta_UTRoster_DailyLog_NBA":105, "ascFanta_TeamID":"eefd2986-3b05-11e9-927e-000c29d02d18", "ascFanta_TeamName":"t5", "ascFanta_Group":"testing", "ascFanta_GroupKey":"c90da379-3b05-11e9-927e-000c29d02d18", "ascFanta_TeamValue":23.0, "ascFanta_TeamValueRemain":0.0, "ascFanta_pID_G1":"1628372", "ascFanta_trKey_G1":"", "ascFanta_pVal_G1":"3.30", "ascFanta_G1_ACP":0.0, "ascFanta_pID_G2":"1627936", "ascFanta_trKey_G2":"", "ascFanta_pVal_G2":"0.50", "ascFanta_G2_ACP":0.0, "ascFanta_pID_F1":"203953", "ascFanta_trKey_F1":"", "ascFanta_pVal_F1":"4.70", "ascFanta_F1_ACP":15.5, "ascFanta_pID_F2":"203507", "ascFanta_trKey_F2":"", "ascFanta_pVal_F2":"12.50", "ascFanta_F2_ACP":57.0, "ascFanta_pID_C1":"1628383", "ascFanta_trKey_C1":"", "ascFanta_pVal_C1":"0.50", "ascFanta_C1_ACP":0.0, "ascFanta_pID_B1":"101139", "ascFanta_trKey_B1":"", "ascFanta_pVal_B1":"1.50", "ascFanta_B1_ACP":4.5, "ascFanta_LogDate":"2019-02-23", "ascFanta_TodayTACP":77.0, "ascFanta_rStatus":"UTACPCfm", "ascFanta_Active":1, "ascFanta_LogKey":"a573b72f-3b15-11e9-927e-000c29d02d18"},
 {"idascFanta_UTRoster_DailyLog_NBA":106, "ascFanta_TeamID":"c90da366-3b05-11e9-927e-000c29d02d18", "ascFanta_TeamName":"t1", "ascFanta_Group":"testing", "ascFanta_GroupKey":"c90da379-3b05-11e9-927e-000c29d02d18", "ascFanta_TeamValue":18.9, "ascFanta_TeamValueRemain":0.0, "ascFanta_pID_G1":"202734", "ascFanta_trKey_G1":"", "ascFanta_pVal_G1":"4.40", "ascFanta_G1_ACP":0.0, "ascFanta_pID_G2":"203095", "ascFanta_trKey_G2":"", "ascFanta_pVal_G2":"6.10", "ascFanta_G2_ACP":0.0, "ascFanta_pID_F1":"203112", "ascFanta_trKey_F1":"", "ascFanta_pVal_F1":"0.50", "ascFanta_F1_ACP":0.0, "ascFanta_pID_F2":"1626158", "ascFanta_trKey_F2":"", "ascFanta_pVal_F2":"4.60", "ascFanta_F2_ACP":12.0, "ascFanta_pID_C1":"2403", "ascFanta_trKey_C1":"", "ascFanta_pVal_C1":"1.20", "ascFanta_C1_ACP":18.5, "ascFanta_pID_B1":"1626171", "ascFanta_trKey_B1":"", "ascFanta_pVal_B1":"2.10", "ascFanta_B1_ACP":14.0, "ascFanta_LogDate":"2019-02-23", "ascFanta_TodayTACP":44.5, "ascFanta_rStatus":"UTACPCfm", "ascFanta_Active":1, "ascFanta_LogKey":"a597b3bf-3b15-11e9-927e-000c29d02d18"},
 {"idascFanta_UTRoster_DailyLog_NBA":101, "ascFanta_TeamID":"c90da54c-3b05-11e9-927e-000c29d02d18", "ascFanta_TeamName":"t3", "ascFanta_Group":"TMFriends", "ascFanta_GroupKey":"e1f72289-2122-11e9-9198-000c29d02d18", "ascFanta_TeamValue":27.7, "ascFanta_TeamValueRemain":0.0, "ascFanta_pID_G1":"1628988", "ascFanta_trKey_G1":"", "ascFanta_pVal_G1":"1.40", "ascFanta_G1_ACP":0.0, "ascFanta_pID_G2":"203078", "ascFanta_trKey_G2":"", "ascFanta_pVal_G2":"9.70", "ascFanta_G2_ACP":49.5, "ascFanta_pID_F1":"1627772", "ascFanta_trKey_F1":"", "ascFanta_pVal_F1":"0.80", "ascFanta_F1_ACP":0.0, "ascFanta_pID_F2":"203944", "ascFanta_trKey_F2":"", "ascFanta_pVal_F2":"9.10", "ascFanta_F2_ACP":31.0, "ascFanta_pID_C1":"2199", "ascFanta_trKey_C1":"", "ascFanta_pVal_C1":"3.60", "ascFanta_C1_ACP":4.5, "ascFanta_pID_B1":"1627752", "ascFanta_trKey_B1":"", "ascFanta_pVal_B1":"3.10", "ascFanta_B1_ACP":40.0, "ascFanta_LogDate":"2019-02-23", "ascFanta_TodayTACP":125.0, "ascFanta_rStatus":"UTACPCfm", "ascFanta_Active":1, "ascFanta_LogKey":"a5bb2ae0-3b15-11e9-927e-000c29d02d18"},
 {"idascFanta_UTRoster_DailyLog_NBA":102, "ascFanta_TeamID":"06651b08-2472-11e9-bf59-000c29d02d18", "ascFanta_TeamName":"piano", "ascFanta_Group":"TMFriends", "ascFanta_GroupKey":"e1f72289-2122-11e9-9198-000c29d02d18", "ascFanta_TeamValue":73.1, "ascFanta_TeamValueRemain":0.0, "ascFanta_pID_G1":"201935", "ascFanta_trKey_G1":"6c014b2f-3994-11e9-be1d-000c29d02d18", "ascFanta_pVal_G1":"12.80", "ascFanta_G1_ACP":0.0, "ascFanta_pID_G2":"201566", "ascFanta_trKey_G2":"6c014b67-3994-11e9-be1d-000c29d02d18", "ascFanta_pVal_G2":"11.50", "ascFanta_G2_ACP":52.5, "ascFanta_pID_F1":"203076", "ascFanta_trKey_F1":"6c014b9f-3994-11e9-be1d-000c29d02d18", "ascFanta_pVal_F1":"12.70", "ascFanta_F1_ACP":0.0, "ascFanta_pID_F2":"203507", "ascFanta_trKey_F2":"6c014bd6-3994-11e9-be1d-000c29d02d18", "ascFanta_pVal_F2":"12.50", "ascFanta_F2_ACP":57.0, "ascFanta_pID_C1":"203999", "ascFanta_trKey_C1":"6c014c0c-3994-11e9-be1d-000c29d02d18", "ascFanta_pVal_C1":"11.90", "ascFanta_C1_ACP":0.0, "ascFanta_pID_B1":"201142", "ascFanta_trKey_B1":"6c014c43-3994-11e9-be1d-000c29d02d18", "ascFanta_pVal_B1":"11.70", "ascFanta_B1_ACP":38.0, "ascFanta_LogDate":"2019-02-23", "ascFanta_TodayTACP":147.5, "ascFanta_rStatus":"UTACPCfm", "ascFanta_Active":1, "ascFanta_LogKey":"a5df8aac-3b15-11e9-927e-000c29d02d18"},
 {"idascFanta_UTRoster_DailyLog_NBA":103, "ascFanta_TeamID":"ca9e8ee9-2122-11e9-9198-000c29d02d18", "ascFanta_TeamName":"treeroot", "ascFanta_Group":"TMFriends", "ascFanta_GroupKey":"e1f72289-2122-11e9-9198-000c29d02d18", "ascFanta_TeamValue":34.3, "ascFanta_TeamValueRemain":1.8, "ascFanta_pID_G1":"201609", "ascFanta_trKey_G1":"6c0148de-3994-11e9-be1d-000c29d02d18", "ascFanta_pVal_G1":"1.90", "ascFanta_G1_ACP":0.0, "ascFanta_pID_G2":"202325", "ascFanta_trKey_G2":"6c014a0b-3994-11e9-be1d-000c29d02d18", "ascFanta_pVal_G2":"1.10", "ascFanta_G2_ACP":0.5, "ascFanta_pID_F1":"201933", "ascFanta_trKey_F1":"6c014a4d-3994-11e9-be1d-000c29d02d18", "ascFanta_pVal_F1":"10.30", "ascFanta_F1_ACP":26.0, "ascFanta_pID_F2":"202330", "ascFanta_trKey_F2":"6c014a88-3994-11e9-be1d-000c29d02d18", "ascFanta_pVal_F2":"5.60", "ascFanta_F2_ACP":16.0, "ascFanta_pID_C1":"203076", "ascFanta_trKey_C1":"6c014ac0-3994-11e9-be1d-000c29d02d18", "ascFanta_pVal_C1":"12.70", "ascFanta_C1_ACP":0.0, "ascFanta_pID_B1":"203613", "ascFanta_trKey_B1":"6c014af7-3994-11e9-be1d-000c29d02d18", "ascFanta_pVal_B1":"2.70", "ascFanta_B1_ACP":13.0, "ascFanta_LogDate":"2019-02-23", "ascFanta_TodayTACP":55.5, "ascFanta_rStatus":"UTACPCfm", "ascFanta_Active":1, "ascFanta_LogKey":"a603108f-3b15-11e9-927e-000c29d02d18"},
 {"idascFanta_UTRoster_DailyLog_NBA":100, "ascFanta_TeamID":"c90da496-3b05-11e9-927e-000c29d02d18", "ascFanta_TeamName":"t2", "ascFanta_Group":"testing", "ascFanta_GroupKey":"c90da379-3b05-11e9-927e-000c29d02d18", "ascFanta_TeamValue":24.1, "ascFanta_TeamValueRemain":0.0, "ascFanta_pID_G1":"203917", "ascFanta_trKey_G1":"", "ascFanta_pVal_G1":"2.50", "ascFanta_G1_ACP":0.0, "ascFanta_pID_G2":"203145", "ascFanta_trKey_G2":"", "ascFanta_pVal_G2":"4.90", "ascFanta_G2_ACP":22.0, "ascFanta_pID_F1":"203460", "ascFanta_trKey_F1":"", "ascFanta_pVal_F1":"0.50", "ascFanta_F1_ACP":0.0, "ascFanta_pID_F2":"1628470", "ascFanta_trKey_F2":"", "ascFanta_pVal_F2":"3.20", "ascFanta_F2_ACP":0.0, "ascFanta_pID_C1":"203999", "ascFanta_trKey_C1":"", "ascFanta_pVal_C1":"11.90", "ascFanta_C1_ACP":48.5, "ascFanta_pID_B1":"202325", "ascFanta_trKey_B1":"", "ascFanta_pVal_B1":"1.10", "ascFanta_B1_ACP":6.0, "ascFanta_LogDate":"2019-02-22", "ascFanta_TodayTACP":76.5, "ascFanta_rStatus":"UTACPCfm", "ascFanta_Active":1, "ascFanta_LogKey":"849f5330-3b15-11e9-927e-000c29d02d18"},
 {"idascFanta_UTRoster_DailyLog_NBA":99, "ascFanta_TeamID":"c90da366-3b05-11e9-927e-000c29d02d18", "ascFanta_TeamName":"t1", "ascFanta_Group":"testing", "ascFanta_GroupKey":"c90da379-3b05-11e9-927e-000c29d02d18", "ascFanta_TeamValue":18.9, "ascFanta_TeamValueRemain":0.0, "ascFanta_pID_G1":"202734", "ascFanta_trKey_G1":"", "ascFanta_pVal_G1":"4.40", "ascFanta_G1_ACP":11.5, "ascFanta_pID_G2":"203095", "ascFanta_trKey_G2":"", "ascFanta_pVal_G2":"6.10", "ascFanta_G2_ACP":30.0, "ascFanta_pID_F1":"203112", "ascFanta_trKey_F1":"", "ascFanta_pVal_F1":"0.50", "ascFanta_F1_ACP":0.0, "ascFanta_pID_F2":"1626158", "ascFanta_trKey_F2":"", "ascFanta_pVal_F2":"4.60", "ascFanta_F2_ACP":0.0, "ascFanta_pID_C1":"2403", "ascFanta_trKey_C1":"", "ascFanta_pVal_C1":"1.20", "ascFanta_C1_ACP":0.0, "ascFanta_pID_B1":"1626171", "ascFanta_trKey_B1":"", "ascFanta_pVal_B1":"2.10", "ascFanta_B1_ACP":33.5, "ascFanta_LogDate":"2019-02-22", "ascFanta_TodayTACP":75.0, "ascFanta_rStatus":"UTACPCfm", "ascFanta_Active":1, "ascFanta_LogKey":"84c31848-3b15-11e9-927e-000c29d02d18"},
 {"idascFanta_UTRoster_DailyLog_NBA":97, "ascFanta_TeamID":"c90da5a3-3b05-11e9-927e-000c29d02d18", "ascFanta_TeamName":"t4", "ascFanta_Group":"Others", "ascFanta_GroupKey":"c90da5a8-3b05-11e9-927e-000c29d02d18", "ascFanta_TeamValue":15.4, "ascFanta_TeamValueRemain":0.0, "ascFanta_pID_G1":"1628443", "ascFanta_trKey_G1":"", "ascFanta_pVal_G1":"0.50", "ascFanta_G1_ACP":0.0, "ascFanta_pID_G2":"203471", "ascFanta_trKey_G2":"", "ascFanta_pVal_G2":"6.30", "ascFanta_G2_ACP":21.5, "ascFanta_pID_F1":"1627767", "ascFanta_trKey_F1":"", "ascFanta_pVal_F1":"1.40", "ascFanta_F1_ACP":45.5, "ascFanta_pID_F2":"203922", "ascFanta_trKey_F2":"", "ascFanta_pVal_F2":"1.00", "ascFanta_F2_ACP":0.0, "ascFanta_pID_C1":"101162", "ascFanta_trKey_C1":"", "ascFanta_pVal_C1":"3.60", "ascFanta_C1_ACP":0.0, "ascFanta_pID_B1":"203118", "ascFanta_trKey_B1":"", "ascFanta_pVal_B1":"2.60", "ascFanta_B1_ACP":0.0, "ascFanta_LogDate":"2019-02-22", "ascFanta_TodayTACP":67.0, "ascFanta_rStatus":"UTACPCfm", "ascFanta_Active":1, "ascFanta_LogKey":"84e77b64-3b15-11e9-927e-000c29d02d18"},
 {"idascFanta_UTRoster_DailyLog_NBA":98, "ascFanta_TeamID":"eefd2986-3b05-11e9-927e-000c29d02d18", "ascFanta_TeamName":"t5", "ascFanta_Group":"testing", "ascFanta_GroupKey":"c90da379-3b05-11e9-927e-000c29d02d18", "ascFanta_TeamValue":23.0, "ascFanta_TeamValueRemain":0.0, "ascFanta_pID_G1":"1628372", "ascFanta_trKey_G1":"", "ascFanta_pVal_G1":"3.30", "ascFanta_G1_ACP":22.5, "ascFanta_pID_G2":"1627936", "ascFanta_trKey_G2":"", "ascFanta_pVal_G2":"0.50", "ascFanta_G2_ACP":0.0, "ascFanta_pID_F1":"203953", "ascFanta_trKey_F1":"", "ascFanta_pVal_F1":"4.70", "ascFanta_F1_ACP":7.0, "ascFanta_pID_F2":"203507", "ascFanta_trKey_F2":"", "ascFanta_pVal_F2":"12.50", "ascFanta_F2_ACP":0.0, "ascFanta_pID_C1":"1628383", "ascFanta_trKey_C1":"", "ascFanta_pVal_C1":"0.50", "ascFanta_C1_ACP":0.0, "ascFanta_pID_B1":"101139", "ascFanta_trKey_B1":"", "ascFanta_pVal_B1":"1.50", "ascFanta_B1_ACP":5.5, "ascFanta_LogDate":"2019-02-22", "ascFanta_TodayTACP":35.0, "ascFanta_rStatus":"UTACPCfm", "ascFanta_Active":1, "ascFanta_LogKey":"850d8f35-3b15-11e9-927e-000c29d02d18"},
 {"idascFanta_UTRoster_DailyLog_NBA":91, "ascFanta_TeamID":"eefd2986-3b05-11e9-927e-000c29d02d18", "ascFanta_TeamName":"t5", "ascFanta_Group":"testing", "ascFanta_GroupKey":"c90da379-3b05-11e9-927e-000c29d02d18", "ascFanta_TeamValue":23.0, "ascFanta_TeamValueRemain":0.0, "ascFanta_pID_G1":"1628372", "ascFanta_trKey_G1":"", "ascFanta_pVal_G1":"3.30", "ascFanta_G1_ACP":0.0, "ascFanta_pID_G2":"1627936", "ascFanta_trKey_G2":"", "ascFanta_pVal_G2":"0.50", "ascFanta_G2_ACP":0.0, "ascFanta_pID_F1":"203953", "ascFanta_trKey_F1":"", "ascFanta_pVal_F1":"4.70", "ascFanta_F1_ACP":0.0, "ascFanta_pID_F2":"203507", "ascFanta_trKey_F2":"", "ascFanta_pVal_F2":"12.50", "ascFanta_F2_ACP":58.0, "ascFanta_pID_C1":"1628383", "ascFanta_trKey_C1":"", "ascFanta_pVal_C1":"0.50", "ascFanta_C1_ACP":0.0, "ascFanta_pID_B1":"101139", "ascFanta_trKey_B1":"", "ascFanta_pVal_B1":"1.50", "ascFanta_B1_ACP":0.0, "ascFanta_LogDate":"2019-02-21", "ascFanta_TodayTACP":58.0, "ascFanta_rStatus":"UTACPCfm", "ascFanta_Active":1, "ascFanta_LogKey":"57e7df82-3b15-11e9-927e-000c29d02d18"},
 {"idascFanta_UTRoster_DailyLog_NBA":89, "ascFanta_TeamID":"ca9e8ee9-2122-11e9-9198-000c29d02d18", "ascFanta_TeamName":"treeroot", "ascFanta_Group":"TMFriends", "ascFanta_GroupKey":"e1f72289-2122-11e9-9198-000c29d02d18", "ascFanta_TeamValue":34.3, "ascFanta_TeamValueRemain":1.8, "ascFanta_pID_G1":"201609", "ascFanta_trKey_G1":"6c0148de-3994-11e9-be1d-000c29d02d18", "ascFanta_pVal_G1":"1.90", "ascFanta_G1_ACP":0.0, "ascFanta_pID_G2":"202325", "ascFanta_trKey_G2":"6c014a0b-3994-11e9-be1d-000c29d02d18", "ascFanta_pVal_G2":"1.10", "ascFanta_G2_ACP":0.0, "ascFanta_pID_F1":"201933", "ascFanta_trKey_F1":"6c014a4d-3994-11e9-be1d-000c29d02d18", "ascFanta_pVal_F1":"10.30", "ascFanta_F1_ACP":0.0, "ascFanta_pID_F2":"202330", "ascFanta_trKey_F2":"6c014a88-3994-11e9-be1d-000c29d02d18", "ascFanta_pVal_F2":"5.60", "ascFanta_F2_ACP":0.0, "ascFanta_pID_C1":"203076", "ascFanta_trKey_C1":"6c014ac0-3994-11e9-be1d-000c29d02d18", "ascFanta_pVal_C1":"12.70", "ascFanta_C1_ACP":0.0, "ascFanta_pID_B1":"203613", "ascFanta_trKey_B1":"6c014af7-3994-11e9-be1d-000c29d02d18", "ascFanta_pVal_B1":"2.70", "ascFanta_B1_ACP":3.0, "ascFanta_LogDate":"2019-02-21", "ascFanta_TodayTACP":3.0, "ascFanta_rStatus":"UTACPCfm", "ascFanta_Active":1, "ascFanta_LogKey":"580de75f-3b15-11e9-927e-000c29d02d18"},
 {"idascFanta_UTRoster_DailyLog_NBA":94, "ascFanta_TeamID":"c90da54c-3b05-11e9-927e-000c29d02d18", "ascFanta_TeamName":"t3", "ascFanta_Group":"TMFriends", "ascFanta_GroupKey":"e1f72289-2122-11e9-9198-000c29d02d18", "ascFanta_TeamValue":27.7, "ascFanta_TeamValueRemain":0.0, "ascFanta_pID_G1":"1628988", "ascFanta_trKey_G1":"", "ascFanta_pVal_G1":"1.40", "ascFanta_G1_ACP":0.0, "ascFanta_pID_G2":"203078", "ascFanta_trKey_G2":"", "ascFanta_pVal_G2":"9.70", "ascFanta_G2_ACP":66.0, "ascFanta_pID_F1":"1627772", "ascFanta_trKey_F1":"", "ascFanta_pVal_F1":"0.80", "ascFanta_F1_ACP":0.0, "ascFanta_pID_F2":"203944", "ascFanta_trKey_F2":"", "ascFanta_pVal_F2":"9.10", "ascFanta_F2_ACP":18.5, "ascFanta_pID_C1":"2199", "ascFanta_trKey_C1":"", "ascFanta_pVal_C1":"3.60", "ascFanta_C1_ACP":0.0, "ascFanta_pID_B1":"1627752", "ascFanta_trKey_B1":"", "ascFanta_pVal_B1":"3.10", "ascFanta_B1_ACP":6.5, "ascFanta_LogDate":"2019-02-22", "ascFanta_TodayTACP":91.0, "ascFanta_rStatus":"UTACPCfm", "ascFanta_Active":1, "ascFanta_LogKey":"853194fb-3b15-11e9-927e-000c29d02d18"},
 {"idascFanta_UTRoster_DailyLog_NBA":95, "ascFanta_TeamID":"06651b08-2472-11e9-bf59-000c29d02d18", "ascFanta_TeamName":"piano", "ascFanta_Group":"TMFriends", "ascFanta_GroupKey":"e1f72289-2122-11e9-9198-000c29d02d18", "ascFanta_TeamValue":73.1, "ascFanta_TeamValueRemain":0.0, "ascFanta_pID_G1":"201935", "ascFanta_trKey_G1":"6c014b2f-3994-11e9-be1d-000c29d02d18", "ascFanta_pVal_G1":"12.80", "ascFanta_G1_ACP":0.0, "ascFanta_pID_G2":"201566", "ascFanta_trKey_G2":"6c014b67-3994-11e9-be1d-000c29d02d18", "ascFanta_pVal_G2":"11.50", "ascFanta_G2_ACP":74.0, "ascFanta_pID_F1":"203076", "ascFanta_trKey_F1":"6c014b9f-3994-11e9-be1d-000c29d02d18", "ascFanta_pVal_F1":"12.70", "ascFanta_F1_ACP":31.5, "ascFanta_pID_F2":"203507", "ascFanta_trKey_F2":"6c014bd6-3994-11e9-be1d-000c29d02d18", "ascFanta_pVal_F2":"12.50", "ascFanta_F2_ACP":0.0, "ascFanta_pID_C1":"203999", "ascFanta_trKey_C1":"6c014c0c-3994-11e9-be1d-000c29d02d18", "ascFanta_pVal_C1":"11.90", "ascFanta_C1_ACP":48.5, "ascFanta_pID_B1":"201142", "ascFanta_trKey_B1":"6c014c43-3994-11e9-be1d-000c29d02d18", "ascFanta_pVal_B1":"11.70", "ascFanta_B1_ACP":0.0, "ascFanta_LogDate":"2019-02-22", "ascFanta_TodayTACP":154.0, "ascFanta_rStatus":"UTACPCfm", "ascFanta_Active":1, "ascFanta_LogKey":"8556b76b-3b15-11e9-927e-000c29d02d18"},
 {"idascFanta_UTRoster_DailyLog_NBA":92, "ascFanta_TeamID":"c90da366-3b05-11e9-927e-000c29d02d18", "ascFanta_TeamName":"t1", "ascFanta_Group":"testing", "ascFanta_GroupKey":"c90da379-3b05-11e9-927e-000c29d02d18", "ascFanta_TeamValue":18.9, "ascFanta_TeamValueRemain":0.0, "ascFanta_pID_G1":"202734", "ascFanta_trKey_G1":"", "ascFanta_pVal_G1":"4.40", "ascFanta_G1_ACP":0.0, "ascFanta_pID_G2":"203095", "ascFanta_trKey_G2":"", "ascFanta_pVal_G2":"6.10", "ascFanta_G2_ACP":0.0, "ascFanta_pID_F1":"203112", "ascFanta_trKey_F1":"", "ascFanta_pVal_F1":"0.50", "ascFanta_F1_ACP":0.0, "ascFanta_pID_F2":"1626158", "ascFanta_trKey_F2":"", "ascFanta_pVal_F2":"4.60", "ascFanta_F2_ACP":15.5, "ascFanta_pID_C1":"2403", "ascFanta_trKey_C1":"", "ascFanta_pVal_C1":"1.20", "ascFanta_C1_ACP":2.0, "ascFanta_pID_B1":"1626171", "ascFanta_trKey_B1":"", "ascFanta_pVal_B1":"2.10", "ascFanta_B1_ACP":0.0, "ascFanta_LogDate":"2019-02-21", "ascFanta_TodayTACP":17.5, "ascFanta_rStatus":"UTACPCfm", "ascFanta_Active":1, "ascFanta_LogKey":"58357652-3b15-11e9-927e-000c29d02d18"},
 {"idascFanta_UTRoster_DailyLog_NBA":93, "ascFanta_TeamID":"c90da496-3b05-11e9-927e-000c29d02d18", "ascFanta_TeamName":"t2", "ascFanta_Group":"testing", "ascFanta_GroupKey":"c90da379-3b05-11e9-927e-000c29d02d18", "ascFanta_TeamValue":24.1, "ascFanta_TeamValueRemain":0.0, "ascFanta_pID_G1":"203917", "ascFanta_trKey_G1":"", "ascFanta_pVal_G1":"2.50", "ascFanta_G1_ACP":0.0, "ascFanta_pID_G2":"203145", "ascFanta_trKey_G2":"", "ascFanta_pVal_G2":"4.90", "ascFanta_G2_ACP":0.0, "ascFanta_pID_F1":"203460", "ascFanta_trKey_F1":"", "ascFanta_pVal_F1":"0.50", "ascFanta_F1_ACP":0.0, "ascFanta_pID_F2":"1628470", "ascFanta_trKey_F2":"", "ascFanta_pVal_F2":"3.20", "ascFanta_F2_ACP":0.0, "ascFanta_pID_C1":"203999", "ascFanta_trKey_C1":"", "ascFanta_pVal_C1":"11.90", "ascFanta_C1_ACP":0.0, "ascFanta_pID_B1":"202325", "ascFanta_trKey_B1":"", "ascFanta_pVal_B1":"1.10", "ascFanta_B1_ACP":0.0, "ascFanta_LogDate":"2019-02-21", "ascFanta_TodayTACP":0.0, "ascFanta_rStatus":"UTACPCfm", "ascFanta_Active":1, "ascFanta_LogKey":"585a4f78-3b15-11e9-927e-000c29d02d18"},
 {"idascFanta_UTRoster_DailyLog_NBA":96, "ascFanta_TeamID":"ca9e8ee9-2122-11e9-9198-000c29d02d18", "ascFanta_TeamName":"treeroot", "ascFanta_Group":"TMFriends", "ascFanta_GroupKey":"e1f72289-2122-11e9-9198-000c29d02d18", "ascFanta_TeamValue":34.3, "ascFanta_TeamValueRemain":1.8, "ascFanta_pID_G1":"201609", "ascFanta_trKey_G1":"6c0148de-3994-11e9-be1d-000c29d02d18", "ascFanta_pVal_G1":"1.90", "ascFanta_G1_ACP":0.0, "ascFanta_pID_G2":"202325", "ascFanta_trKey_G2":"6c014a0b-3994-11e9-be1d-000c29d02d18", "ascFanta_pVal_G2":"1.10", "ascFanta_G2_ACP":6.0, "ascFanta_pID_F1":"201933", "ascFanta_trKey_F1":"6c014a4d-3994-11e9-be1d-000c29d02d18", "ascFanta_pVal_F1":"10.30", "ascFanta_F1_ACP":19.0, "ascFanta_pID_F2":"202330", "ascFanta_trKey_F2":"6c014a88-3994-11e9-be1d-000c29d02d18", "ascFanta_pVal_F2":"5.60", "ascFanta_F2_ACP":0.0, "ascFanta_pID_C1":"203076", "ascFanta_trKey_C1":"6c014ac0-3994-11e9-be1d-000c29d02d18", "ascFanta_pVal_C1":"12.70", "ascFanta_C1_ACP":31.5, "ascFanta_pID_B1":"203613", "ascFanta_trKey_B1":"6c014af7-3994-11e9-be1d-000c29d02d18", "ascFanta_pVal_B1":"2.70", "ascFanta_B1_ACP":0.0, "ascFanta_LogDate":"2019-02-22", "ascFanta_TodayTACP":56.5, "ascFanta_rStatus":"UTACPCfm", "ascFanta_Active":1, "ascFanta_LogKey":"857c6281-3b15-11e9-927e-000c29d02d18"},
 {"idascFanta_UTRoster_DailyLog_NBA":90, "ascFanta_TeamID":"c90da5a3-3b05-11e9-927e-000c29d02d18", "ascFanta_TeamName":"t4", "ascFanta_Group":"Others", "ascFanta_GroupKey":"c90da5a8-3b05-11e9-927e-000c29d02d18", "ascFanta_TeamValue":15.4, "ascFanta_TeamValueRemain":0.0, "ascFanta_pID_G1":"1628443", "ascFanta_trKey_G1":"", "ascFanta_pVal_G1":"0.50", "ascFanta_G1_ACP":0.0, "ascFanta_pID_G2":"203471", "ascFanta_trKey_G2":"", "ascFanta_pVal_G2":"6.30", "ascFanta_G2_ACP":0.0, "ascFanta_pID_F1":"1627767", "ascFanta_trKey_F1":"", "ascFanta_pVal_F1":"1.40", "ascFanta_F1_ACP":0.0, "ascFanta_pID_F2":"203922", "ascFanta_trKey_F2":"", "ascFanta_pVal_F2":"1.00", "ascFanta_F2_ACP":0.0, "ascFanta_pID_C1":"101162", "ascFanta_trKey_C1":"", "ascFanta_pVal_C1":"3.60", "ascFanta_C1_ACP":0.0, "ascFanta_pID_B1":"203118", "ascFanta_trKey_B1":"", "ascFanta_pVal_B1":"2.60", "ascFanta_B1_ACP":5.0, "ascFanta_LogDate":"2019-02-21", "ascFanta_TodayTACP":5.0, "ascFanta_rStatus":"UTACPCfm", "ascFanta_Active":1, "ascFanta_LogKey":"587f6cff-3b15-11e9-927e-000c29d02d18"},
 {"idascFanta_UTRoster_DailyLog_NBA":88, "ascFanta_TeamID":"06651b08-2472-11e9-bf59-000c29d02d18", "ascFanta_TeamName":"piano", "ascFanta_Group":"TMFriends", "ascFanta_GroupKey":"e1f72289-2122-11e9-9198-000c29d02d18", "ascFanta_TeamValue":73.1, "ascFanta_TeamValueRemain":0.0, "ascFanta_pID_G1":"201935", "ascFanta_trKey_G1":"6c014b2f-3994-11e9-be1d-000c29d02d18", "ascFanta_pVal_G1":"12.80", "ascFanta_G1_ACP":40.5, "ascFanta_pID_G2":"201566", "ascFanta_trKey_G2":"6c014b67-3994-11e9-be1d-000c29d02d18", "ascFanta_pVal_G2":"11.50", "ascFanta_G2_ACP":0.0, "ascFanta_pID_F1":"203076", "ascFanta_trKey_F1":"6c014b9f-3994-11e9-be1d-000c29d02d18", "ascFanta_pVal_F1":"12.70", "ascFanta_F1_ACP":0.0, "ascFanta_pID_F2":"203507", "ascFanta_trKey_F2":"6c014bd6-3994-11e9-be1d-000c29d02d18", "ascFanta_pVal_F2":"12.50", "ascFanta_F2_ACP":58.0, "ascFanta_pID_C1":"203999", "ascFanta_trKey_C1":"6c014c0c-3994-11e9-be1d-000c29d02d18", "ascFanta_pVal_C1":"11.90", "ascFanta_C1_ACP":0.0, "ascFanta_pID_B1":"201142", "ascFanta_trKey_B1":"6c014c43-3994-11e9-be1d-000c29d02d18", "ascFanta_pVal_B1":"11.70", "ascFanta_B1_ACP":61.5, "ascFanta_LogDate":"2019-02-21", "ascFanta_TodayTACP":160.0, "ascFanta_rStatus":"UTACPCfm", "ascFanta_Active":1, "ascFanta_LogKey":"58a5de47-3b15-11e9-927e-000c29d02d18"},
 {"idascFanta_UTRoster_DailyLog_NBA":85, "ascFanta_TeamID":"c90da366-3b05-11e9-927e-000c29d02d18", "ascFanta_TeamName":"t1", "ascFanta_Group":"testing", "ascFanta_GroupKey":"c90da379-3b05-11e9-927e-000c29d02d18", "ascFanta_TeamValue":18.9, "ascFanta_TeamValueRemain":0.0, "ascFanta_pID_G1":"202734", "ascFanta_trKey_G1":"", "ascFanta_pVal_G1":"4.40", "ascFanta_G1_ACP":0.0, "ascFanta_pID_G2":"203095", "ascFanta_trKey_G2":"", "ascFanta_pVal_G2":"6.10", "ascFanta_G2_ACP":0.0, "ascFanta_pID_F1":"203112", "ascFanta_trKey_F1":"", "ascFanta_pVal_F1":"0.50", "ascFanta_F1_ACP":0.0, "ascFanta_pID_F2":"1626158", "ascFanta_trKey_F2":"", "ascFanta_pVal_F2":"4.60", "ascFanta_F2_ACP":0.0, "ascFanta_pID_C1":"2403", "ascFanta_trKey_C1":"", "ascFanta_pVal_C1":"1.20", "ascFanta_C1_ACP":0.0, "ascFanta_pID_B1":"1626171", "ascFanta_trKey_B1":"", "ascFanta_pVal_B1":"2.10", "ascFanta_B1_ACP":0.0, "ascFanta_LogDate":"2019-02-20", "ascFanta_TodayTACP":0.0, "ascFanta_rStatus":"UTACPCfm", "ascFanta_Active":1, "ascFanta_LogKey":"1e7cb575-3b15-11e9-927e-000c29d02d18"},
 {"idascFanta_UTRoster_DailyLog_NBA":86, "ascFanta_TeamID":"c90da496-3b05-11e9-927e-000c29d02d18", "ascFanta_TeamName":"t2", "ascFanta_Group":"testing", "ascFanta_GroupKey":"c90da379-3b05-11e9-927e-000c29d02d18", "ascFanta_TeamValue":24.1, "ascFanta_TeamValueRemain":0.0, "ascFanta_pID_G1":"203917", "ascFanta_trKey_G1":"", "ascFanta_pVal_G1":"2.50", "ascFanta_G1_ACP":0.0, "ascFanta_pID_G2":"203145", "ascFanta_trKey_G2":"", "ascFanta_pVal_G2":"4.90", "ascFanta_G2_ACP":0.0, "ascFanta_pID_F1":"203460", "ascFanta_trKey_F1":"", "ascFanta_pVal_F1":"0.50", "ascFanta_F1_ACP":0.0, "ascFanta_pID_F2":"1628470", "ascFanta_trKey_F2":"", "ascFanta_pVal_F2":"3.20", "ascFanta_F2_ACP":0.0, "ascFanta_pID_C1":"203999", "ascFanta_trKey_C1":"", "ascFanta_pVal_C1":"11.90", "ascFanta_C1_ACP":0.0, "ascFanta_pID_B1":"202325", "ascFanta_trKey_B1":"", "ascFanta_pVal_B1":"1.10", "ascFanta_B1_ACP":0.0, "ascFanta_LogDate":"2019-02-20", "ascFanta_TodayTACP":0.0, "ascFanta_rStatus":"UTACPCfm", "ascFanta_Active":1, "ascFanta_LogKey":"1ea062ab-3b15-11e9-927e-000c29d02d18"},
 {"idascFanta_UTRoster_DailyLog_NBA":83, "ascFanta_TeamID":"c90da5a3-3b05-11e9-927e-000c29d02d18", "ascFanta_TeamName":"t4", "ascFanta_Group":"Others", "ascFanta_GroupKey":"c90da5a8-3b05-11e9-927e-000c29d02d18", "ascFanta_TeamValue":15.4, "ascFanta_TeamValueRemain":0.0, "ascFanta_pID_G1":"1628443", "ascFanta_trKey_G1":"", "ascFanta_pVal_G1":"0.50", "ascFanta_G1_ACP":0.0, "ascFanta_pID_G2":"203471", "ascFanta_trKey_G2":"", "ascFanta_pVal_G2":"6.30", "ascFanta_G2_ACP":0.0, "ascFanta_pID_F1":"1627767", "ascFanta_trKey_F1":"", "ascFanta_pVal_F1":"1.40", "ascFanta_F1_ACP":0.0, "ascFanta_pID_F2":"203922", "ascFanta_trKey_F2":"", "ascFanta_pVal_F2":"1.00", "ascFanta_F2_ACP":0.0, "ascFanta_pID_C1":"101162", "ascFanta_trKey_C1":"", "ascFanta_pVal_C1":"3.60", "ascFanta_C1_ACP":0.0, "ascFanta_pID_B1":"203118", "ascFanta_trKey_B1":"", "ascFanta_pVal_B1":"2.60", "ascFanta_B1_ACP":0.0, "ascFanta_LogDate":"2019-02-20", "ascFanta_TodayTACP":0.0, "ascFanta_rStatus":"UTACPCfm", "ascFanta_Active":1, "ascFanta_LogKey":"1ec3ecda-3b15-11e9-927e-000c29d02d18"},
 {"idascFanta_UTRoster_DailyLog_NBA":84, "ascFanta_TeamID":"eefd2986-3b05-11e9-927e-000c29d02d18", "ascFanta_TeamName":"t5", "ascFanta_Group":"testing", "ascFanta_GroupKey":"c90da379-3b05-11e9-927e-000c29d02d18", "ascFanta_TeamValue":23.0, "ascFanta_TeamValueRemain":0.0, "ascFanta_pID_G1":"1628372", "ascFanta_trKey_G1":"", "ascFanta_pVal_G1":"3.30", "ascFanta_G1_ACP":0.0, "ascFanta_pID_G2":"1627936", "ascFanta_trKey_G2":"", "ascFanta_pVal_G2":"0.50", "ascFanta_G2_ACP":0.0, "ascFanta_pID_F1":"203953", "ascFanta_trKey_F1":"", "ascFanta_pVal_F1":"4.70", "ascFanta_F1_ACP":0.0, "ascFanta_pID_F2":"203507", "ascFanta_trKey_F2":"", "ascFanta_pVal_F2":"12.50", "ascFanta_F2_ACP":0.0, "ascFanta_pID_C1":"1628383", "ascFanta_trKey_C1":"", "ascFanta_pVal_C1":"0.50", "ascFanta_C1_ACP":0.0, "ascFanta_pID_B1":"101139", "ascFanta_trKey_B1":"", "ascFanta_pVal_B1":"1.50", "ascFanta_B1_ACP":0.0, "ascFanta_LogDate":"2019-02-20", "ascFanta_TodayTACP":0.0, "ascFanta_rStatus":"UTACPCfm", "ascFanta_Active":1, "ascFanta_LogKey":"1ee7da1f-3b15-11e9-927e-000c29d02d18"},
 {"idascFanta_UTRoster_DailyLog_NBA":82, "ascFanta_TeamID":"ca9e8ee9-2122-11e9-9198-000c29d02d18", "ascFanta_TeamName":"treeroot", "ascFanta_Group":"TMFriends", "ascFanta_GroupKey":"e1f72289-2122-11e9-9198-000c29d02d18", "ascFanta_TeamValue":34.3, "ascFanta_TeamValueRemain":1.8, "ascFanta_pID_G1":"201609", "ascFanta_trKey_G1":"6c0148de-3994-11e9-be1d-000c29d02d18", "ascFanta_pVal_G1":"1.90", "ascFanta_G1_ACP":0.0, "ascFanta_pID_G2":"202325", "ascFanta_trKey_G2":"6c014a0b-3994-11e9-be1d-000c29d02d18", "ascFanta_pVal_G2":"1.10", "ascFanta_G2_ACP":0.0, "ascFanta_pID_F1":"201933", "ascFanta_trKey_F1":"6c014a4d-3994-11e9-be1d-000c29d02d18", "ascFanta_pVal_F1":"10.30", "ascFanta_F1_ACP":0.0, "ascFanta_pID_F2":"202330", "ascFanta_trKey_F2":"6c014a88-3994-11e9-be1d-000c29d02d18", "ascFanta_pVal_F2":"5.60", "ascFanta_F2_ACP":0.0, "ascFanta_pID_C1":"203076", "ascFanta_trKey_C1":"6c014ac0-3994-11e9-be1d-000c29d02d18", "ascFanta_pVal_C1":"12.70", "ascFanta_C1_ACP":0.0, "ascFanta_pID_B1":"203613", "ascFanta_trKey_B1":"6c014af7-3994-11e9-be1d-000c29d02d18", "ascFanta_pVal_B1":"2.70", "ascFanta_B1_ACP":0.0, "ascFanta_LogDate":"2019-02-20", "ascFanta_TodayTACP":0.0, "ascFanta_rStatus":"UTACPCfm", "ascFanta_Active":1, "ascFanta_LogKey":"1f158d8b-3b15-11e9-927e-000c29d02d18"},
 {"idascFanta_UTRoster_DailyLog_NBA":87, "ascFanta_TeamID":"c90da54c-3b05-11e9-927e-000c29d02d18", "ascFanta_TeamName":"t3", "ascFanta_Group":"TMFriends", "ascFanta_GroupKey":"e1f72289-2122-11e9-9198-000c29d02d18", "ascFanta_TeamValue":27.7, "ascFanta_TeamValueRemain":0.0, "ascFanta_pID_G1":"1628988", "ascFanta_trKey_G1":"", "ascFanta_pVal_G1":"1.40", "ascFanta_G1_ACP":0.0, "ascFanta_pID_G2":"203078", "ascFanta_trKey_G2":"", "ascFanta_pVal_G2":"9.70", "ascFanta_G2_ACP":0.0, "ascFanta_pID_F1":"1627772", "ascFanta_trKey_F1":"", "ascFanta_pVal_F1":"0.80", "ascFanta_F1_ACP":0.0, "ascFanta_pID_F2":"203944", "ascFanta_trKey_F2":"", "ascFanta_pVal_F2":"9.10", "ascFanta_F2_ACP":0.0, "ascFanta_pID_C1":"2199", "ascFanta_trKey_C1":"", "ascFanta_pVal_C1":"3.60", "ascFanta_C1_ACP":0.5, "ascFanta_pID_B1":"1627752", "ascFanta_trKey_B1":"", "ascFanta_pVal_B1":"3.10", "ascFanta_B1_ACP":0.0, "ascFanta_LogDate":"2019-02-21", "ascFanta_TodayTACP":0.5, "ascFanta_rStatus":"UTACPCfm", "ascFanta_Active":1, "ascFanta_LogKey":"58cca01d-3b15-11e9-927e-000c29d02d18"},
 {"idascFanta_UTRoster_DailyLog_NBA":81, "ascFanta_TeamID":"06651b08-2472-11e9-bf59-000c29d02d18", "ascFanta_TeamName":"piano", "ascFanta_Group":"TMFriends", "ascFanta_GroupKey":"e1f72289-2122-11e9-9198-000c29d02d18", "ascFanta_TeamValue":73.1, "ascFanta_TeamValueRemain":0.0, "ascFanta_pID_G1":"201935", "ascFanta_trKey_G1":"6c014b2f-3994-11e9-be1d-000c29d02d18", "ascFanta_pVal_G1":"12.80", "ascFanta_G1_ACP":0.0, "ascFanta_pID_G2":"201566", "ascFanta_trKey_G2":"6c014b67-3994-11e9-be1d-000c29d02d18", "ascFanta_pVal_G2":"11.50", "ascFanta_G2_ACP":0.0, "ascFanta_pID_F1":"203076", "ascFanta_trKey_F1":"6c014b9f-3994-11e9-be1d-000c29d02d18", "ascFanta_pVal_F1":"12.70", "ascFanta_F1_ACP":0.0, "ascFanta_pID_F2":"203507", "ascFanta_trKey_F2":"6c014bd6-3994-11e9-be1d-000c29d02d18", "ascFanta_pVal_F2":"12.50", "ascFanta_F2_ACP":0.0, "ascFanta_pID_C1":"203999", "ascFanta_trKey_C1":"6c014c0c-3994-11e9-be1d-000c29d02d18", "ascFanta_pVal_C1":"11.90", "ascFanta_C1_ACP":0.0, "ascFanta_pID_B1":"201142", "ascFanta_trKey_B1":"6c014c43-3994-11e9-be1d-000c29d02d18", "ascFanta_pVal_B1":"11.70", "ascFanta_B1_ACP":0.0, "ascFanta_LogDate":"2019-02-20", "ascFanta_TodayTACP":0.0, "ascFanta_rStatus":"UTACPCfm", "ascFanta_Active":1, "ascFanta_LogKey":"1f3bf26c-3b15-11e9-927e-000c29d02d18"},
 {"idascFanta_UTRoster_DailyLog_NBA":80, "ascFanta_TeamID":"c90da54c-3b05-11e9-927e-000c29d02d18", "ascFanta_TeamName":"t3", "ascFanta_Group":"TMFriends", "ascFanta_GroupKey":"e1f72289-2122-11e9-9198-000c29d02d18", "ascFanta_TeamValue":27.7, "ascFanta_TeamValueRemain":0.0, "ascFanta_pID_G1":"1628988", "ascFanta_trKey_G1":"", "ascFanta_pVal_G1":"1.40", "ascFanta_G1_ACP":0.0, "ascFanta_pID_G2":"203078", "ascFanta_trKey_G2":"", "ascFanta_pVal_G2":"9.70", "ascFanta_G2_ACP":0.0, "ascFanta_pID_F1":"1627772", "ascFanta_trKey_F1":"", "ascFanta_pVal_F1":"0.80", "ascFanta_F1_ACP":0.0, "ascFanta_pID_F2":"203944", "ascFanta_trKey_F2":"", "ascFanta_pVal_F2":"9.10", "ascFanta_F2_ACP":0.0, "ascFanta_pID_C1":"2199", "ascFanta_trKey_C1":"", "ascFanta_pVal_C1":"3.60", "ascFanta_C1_ACP":0.0, "ascFanta_pID_B1":"1627752", "ascFanta_trKey_B1":"", "ascFanta_pVal_B1":"3.10", "ascFanta_B1_ACP":0.0, "ascFanta_LogDate":"2019-02-20", "ascFanta_TodayTACP":0.0, "ascFanta_rStatus":"UTACPCfm", "ascFanta_Active":1, "ascFanta_LogKey":"1f60026b-3b15-11e9-927e-000c29d02d18"},
 {"idascFanta_UTRoster_DailyLog_NBA":109, "ascFanta_TeamID":"06651b08-2472-11e9-bf59-000c29d02d18", "ascFanta_TeamName":"piano", "ascFanta_Group":"TMFriends", "ascFanta_GroupKey":"e1f72289-2122-11e9-9198-000c29d02d18", "ascFanta_TeamValue":73.1, "ascFanta_TeamValueRemain":0.0, "ascFanta_pID_G1":"201935", "ascFanta_trKey_G1":"6c014b2f-3994-11e9-be1d-000c29d02d18", "ascFanta_pVal_G1":"12.80", "ascFanta_G1_ACP":0.0, "ascFanta_pID_G2":"201566", "ascFanta_trKey_G2":"6c014b67-3994-11e9-be1d-000c29d02d18", "ascFanta_pVal_G2":"11.50", "ascFanta_G2_ACP":0.0, "ascFanta_pID_F1":"203076", "ascFanta_trKey_F1":"6c014b9f-3994-11e9-be1d-000c29d02d18", "ascFanta_pVal_F1":"12.70", "ascFanta_F1_ACP":0.0, "ascFanta_pID_F2":"203507", "ascFanta_trKey_F2":"6c014bd6-3994-11e9-be1d-000c29d02d18", "ascFanta_pVal_F2":"12.50", "ascFanta_F2_ACP":0.0, "ascFanta_pID_C1":"203999", "ascFanta_trKey_C1":"6c014c0c-3994-11e9-be1d-000c29d02d18", "ascFanta_pVal_C1":"11.90", "ascFanta_C1_ACP":50.5, "ascFanta_pID_B1":"201142", "ascFanta_trKey_B1":"6c014c43-3994-11e9-be1d-000c29d02d18", "ascFanta_pVal_B1":"11.70", "ascFanta_B1_ACP":0.0, "ascFanta_LogDate":"2019-02-24", "ascFanta_TodayTACP":50.5, "ascFanta_rStatus":"UTACPCfm", "ascFanta_Active":1, "ascFanta_LogKey":"e5436f27-3b15-11e9-927e-000c29d02d18"},
 {"idascFanta_UTRoster_DailyLog_NBA":110, "ascFanta_TeamID":"ca9e8ee9-2122-11e9-9198-000c29d02d18", "ascFanta_TeamName":"treeroot", "ascFanta_Group":"TMFriends", "ascFanta_GroupKey":"e1f72289-2122-11e9-9198-000c29d02d18", "ascFanta_TeamValue":34.3, "ascFanta_TeamValueRemain":1.8, "ascFanta_pID_G1":"201609", "ascFanta_trKey_G1":"6c0148de-3994-11e9-be1d-000c29d02d18", "ascFanta_pVal_G1":"1.90", "ascFanta_G1_ACP":0.0, "ascFanta_pID_G2":"202325", "ascFanta_trKey_G2":"6c014a0b-3994-11e9-be1d-000c29d02d18", "ascFanta_pVal_G2":"1.10", "ascFanta_G2_ACP":0.0, "ascFanta_pID_F1":"201933", "ascFanta_trKey_F1":"6c014a4d-3994-11e9-be1d-000c29d02d18", "ascFanta_pVal_F1":"10.30", "ascFanta_F1_ACP":0.0, "ascFanta_pID_F2":"202330", "ascFanta_trKey_F2":"6c014a88-3994-11e9-be1d-000c29d02d18", "ascFanta_pVal_F2":"5.60", "ascFanta_F2_ACP":0.0, "ascFanta_pID_C1":"203076", "ascFanta_trKey_C1":"6c014ac0-3994-11e9-be1d-000c29d02d18", "ascFanta_pVal_C1":"12.70", "ascFanta_C1_ACP":0.0, "ascFanta_pID_B1":"203613", "ascFanta_trKey_B1":"6c014af7-3994-11e9-be1d-000c29d02d18", "ascFanta_pVal_B1":"2.70", "ascFanta_B1_ACP":0.0, "ascFanta_LogDate":"2019-02-24", "ascFanta_TodayTACP":0.0, "ascFanta_rStatus":"UTACPCfm", "ascFanta_Active":1, "ascFanta_LogKey":"e567990d-3b15-11e9-927e-000c29d02d18"},
 {"idascFanta_UTRoster_DailyLog_NBA":111, "ascFanta_TeamID":"c90da5a3-3b05-11e9-927e-000c29d02d18", "ascFanta_TeamName":"t4", "ascFanta_Group":"Others", "ascFanta_GroupKey":"c90da5a8-3b05-11e9-927e-000c29d02d18", "ascFanta_TeamValue":15.4, "ascFanta_TeamValueRemain":0.0, "ascFanta_pID_G1":"1628443", "ascFanta_trKey_G1":"", "ascFanta_pVal_G1":"0.50", "ascFanta_G1_ACP":0.0, "ascFanta_pID_G2":"203471", "ascFanta_trKey_G2":"", "ascFanta_pVal_G2":"6.30", "ascFanta_G2_ACP":0.0, "ascFanta_pID_F1":"1627767", "ascFanta_trKey_F1":"", "ascFanta_pVal_F1":"1.40", "ascFanta_F1_ACP":0.0, "ascFanta_pID_F2":"203922", "ascFanta_trKey_F2":"", "ascFanta_pVal_F2":"1.00", "ascFanta_F2_ACP":0.0, "ascFanta_pID_C1":"101162", "ascFanta_trKey_C1":"", "ascFanta_pVal_C1":"3.60", "ascFanta_C1_ACP":0.0, "ascFanta_pID_B1":"203118", "ascFanta_trKey_B1":"", "ascFanta_pVal_B1":"2.60", "ascFanta_B1_ACP":0.0, "ascFanta_LogDate":"2019-02-24", "ascFanta_TodayTACP":0.0, "ascFanta_rStatus":"UTACPCfm", "ascFanta_Active":1, "ascFanta_LogKey":"e58c8374-3b15-11e9-927e-000c29d02d18"},
 {"idascFanta_UTRoster_DailyLog_NBA":112, "ascFanta_TeamID":"eefd2986-3b05-11e9-927e-000c29d02d18", "ascFanta_TeamName":"t5", "ascFanta_Group":"testing", "ascFanta_GroupKey":"c90da379-3b05-11e9-927e-000c29d02d18", "ascFanta_TeamValue":23.0, "ascFanta_TeamValueRemain":0.0, "ascFanta_pID_G1":"1628372", "ascFanta_trKey_G1":"", "ascFanta_pVal_G1":"3.30", "ascFanta_G1_ACP":53.5, "ascFanta_pID_G2":"1627936", "ascFanta_trKey_G2":"", "ascFanta_pVal_G2":"0.50", "ascFanta_G2_ACP":0.0, "ascFanta_pID_F1":"203953", "ascFanta_trKey_F1":"", "ascFanta_pVal_F1":"4.70", "ascFanta_F1_ACP":0.0, "ascFanta_pID_F2":"203507", "ascFanta_trKey_F2":"", "ascFanta_pVal_F2":"12.50", "ascFanta_F2_ACP":0.0, "ascFanta_pID_C1":"1628383", "ascFanta_trKey_C1":"", "ascFanta_pVal_C1":"0.50", "ascFanta_C1_ACP":0.0, "ascFanta_pID_B1":"101139", "ascFanta_trKey_B1":"", "ascFanta_pVal_B1":"1.50", "ascFanta_B1_ACP":0.0, "ascFanta_LogDate":"2019-02-24", "ascFanta_TodayTACP":53.5, "ascFanta_rStatus":"UTACPCfm", "ascFanta_Active":1, "ascFanta_LogKey":"e5b1fdda-3b15-11e9-927e-000c29d02d18"},
 {"idascFanta_UTRoster_DailyLog_NBA":113, "ascFanta_TeamID":"c90da366-3b05-11e9-927e-000c29d02d18", "ascFanta_TeamName":"t1", "ascFanta_Group":"testing", "ascFanta_GroupKey":"c90da379-3b05-11e9-927e-000c29d02d18", "ascFanta_TeamValue":18.9, "ascFanta_TeamValueRemain":0.0, "ascFanta_pID_G1":"202734", "ascFanta_trKey_G1":"", "ascFanta_pVal_G1":"4.40", "ascFanta_G1_ACP":0.0, "ascFanta_pID_G2":"203095", "ascFanta_trKey_G2":"", "ascFanta_pVal_G2":"6.10", "ascFanta_G2_ACP":13.5, "ascFanta_pID_F1":"203112", "ascFanta_trKey_F1":"", "ascFanta_pVal_F1":"0.50", "ascFanta_F1_ACP":0.0, "ascFanta_pID_F2":"1626158", "ascFanta_trKey_F2":"", "ascFanta_pVal_F2":"4.60", "ascFanta_F2_ACP":0.0, "ascFanta_pID_C1":"2403", "ascFanta_trKey_C1":"", "ascFanta_pVal_C1":"1.20", "ascFanta_C1_ACP":0.0, "ascFanta_pID_B1":"1626171", "ascFanta_trKey_B1":"", "ascFanta_pVal_B1":"2.10", "ascFanta_B1_ACP":0.0, "ascFanta_LogDate":"2019-02-24", "ascFanta_TodayTACP":13.5, "ascFanta_rStatus":"UTACPCfm", "ascFanta_Active":1, "ascFanta_LogKey":"e5d7f513-3b15-11e9-927e-000c29d02d18"},
 {"idascFanta_UTRoster_DailyLog_NBA":114, "ascFanta_TeamID":"c90da496-3b05-11e9-927e-000c29d02d18", "ascFanta_TeamName":"t2", "ascFanta_Group":"testing", "ascFanta_GroupKey":"c90da379-3b05-11e9-927e-000c29d02d18", "ascFanta_TeamValue":24.1, "ascFanta_TeamValueRemain":0.0, "ascFanta_pID_G1":"203917", "ascFanta_trKey_G1":"", "ascFanta_pVal_G1":"2.50", "ascFanta_G1_ACP":0.0, "ascFanta_pID_G2":"203145", "ascFanta_trKey_G2":"", "ascFanta_pVal_G2":"4.90", "ascFanta_G2_ACP":0.0, "ascFanta_pID_F1":"203460", "ascFanta_trKey_F1":"", "ascFanta_pVal_F1":"0.50", "ascFanta_F1_ACP":0.0, "ascFanta_pID_F2":"1628470", "ascFanta_trKey_F2":"", "ascFanta_pVal_F2":"3.20", "ascFanta_F2_ACP":8.5, "ascFanta_pID_C1":"203999", "ascFanta_trKey_C1":"", "ascFanta_pVal_C1":"11.90", "ascFanta_C1_ACP":50.5, "ascFanta_pID_B1":"202325", "ascFanta_trKey_B1":"", "ascFanta_pVal_B1":"1.10", "ascFanta_B1_ACP":0.0, "ascFanta_LogDate":"2019-02-24", "ascFanta_TodayTACP":59.0, "ascFanta_rStatus":"UTACPCfm", "ascFanta_Active":1, "ascFanta_LogKey":"e5fd4873-3b15-11e9-927e-000c29d02d18"},
 {"idascFanta_UTRoster_DailyLog_NBA":115, "ascFanta_TeamID":"c90da54c-3b05-11e9-927e-000c29d02d18", "ascFanta_TeamName":"t3", "ascFanta_Group":"TMFriends", "ascFanta_GroupKey":"e1f72289-2122-11e9-9198-000c29d02d18", "ascFanta_TeamValue":27.7, "ascFanta_TeamValueRemain":0.0, "ascFanta_pID_G1":"1628988", "ascFanta_trKey_G1":"", "ascFanta_pVal_G1":"1.40", "ascFanta_G1_ACP":0.0, "ascFanta_pID_G2":"203078", "ascFanta_trKey_G2":"", "ascFanta_pVal_G2":"9.70", "ascFanta_G2_ACP":0.0, "ascFanta_pID_F1":"1627772", "ascFanta_trKey_F1":"", "ascFanta_pVal_F1":"0.80", "ascFanta_F1_ACP":0.0, "ascFanta_pID_F2":"203944", "ascFanta_trKey_F2":"", "ascFanta_pVal_F2":"9.10", "ascFanta_F2_ACP":46.5, "ascFanta_pID_C1":"2199", "ascFanta_trKey_C1":"", "ascFanta_pVal_C1":"3.60", "ascFanta_C1_ACP":8.0, "ascFanta_pID_B1":"1627752", "ascFanta_trKey_B1":"", "ascFanta_pVal_B1":"3.10", "ascFanta_B1_ACP":0.0, "ascFanta_LogDate":"2019-02-25", "ascFanta_TodayTACP":54.5, "ascFanta_rStatus":"UTACPCfm", "ascFanta_Active":1, "ascFanta_LogKey":"ff7e2554-3b15-11e9-927e-000c29d02d18"},
 {"idascFanta_UTRoster_DailyLog_NBA":116, "ascFanta_TeamID":"06651b08-2472-11e9-bf59-000c29d02d18", "ascFanta_TeamName":"piano", "ascFanta_Group":"TMFriends", "ascFanta_GroupKey":"e1f72289-2122-11e9-9198-000c29d02d18", "ascFanta_TeamValue":73.1, "ascFanta_TeamValueRemain":0.0, "ascFanta_pID_G1":"201935", "ascFanta_trKey_G1":"6c014b2f-3994-11e9-be1d-000c29d02d18", "ascFanta_pVal_G1":"12.80", "ascFanta_G1_ACP":31.0, "ascFanta_pID_G2":"201566", "ascFanta_trKey_G2":"6c014b67-3994-11e9-be1d-000c29d02d18", "ascFanta_pVal_G2":"11.50", "ascFanta_G2_ACP":0.0, "ascFanta_pID_F1":"203076", "ascFanta_trKey_F1":"6c014b9f-3994-11e9-be1d-000c29d02d18", "ascFanta_pVal_F1":"12.70", "ascFanta_F1_ACP":37.5, "ascFanta_pID_F2":"203507", "ascFanta_trKey_F2":"6c014bd6-3994-11e9-be1d-000c29d02d18", "ascFanta_pVal_F2":"12.50", "ascFanta_F2_ACP":0.0, "ascFanta_pID_C1":"203999", "ascFanta_trKey_C1":"6c014c0c-3994-11e9-be1d-000c29d02d18", "ascFanta_pVal_C1":"11.90", "ascFanta_C1_ACP":0.0, "ascFanta_pID_B1":"201142", "ascFanta_trKey_B1":"6c014c43-3994-11e9-be1d-000c29d02d18", "ascFanta_pVal_B1":"11.70", "ascFanta_B1_ACP":36.0, "ascFanta_LogDate":"2019-02-25", "ascFanta_TodayTACP":104.5, "ascFanta_rStatus":"UTACPCfm", "ascFanta_Active":1, "ascFanta_LogKey":"ffa286c9-3b15-11e9-927e-000c29d02d18"},
 {"idascFanta_UTRoster_DailyLog_NBA":117, "ascFanta_TeamID":"ca9e8ee9-2122-11e9-9198-000c29d02d18", "ascFanta_TeamName":"treeroot", "ascFanta_Group":"TMFriends", "ascFanta_GroupKey":"e1f72289-2122-11e9-9198-000c29d02d18", "ascFanta_TeamValue":34.3, "ascFanta_TeamValueRemain":1.8, "ascFanta_pID_G1":"201609", "ascFanta_trKey_G1":"6c0148de-3994-11e9-be1d-000c29d02d18", "ascFanta_pVal_G1":"1.90", "ascFanta_G1_ACP":13.5, "ascFanta_pID_G2":"202325", "ascFanta_trKey_G2":"6c014a0b-3994-11e9-be1d-000c29d02d18", "ascFanta_pVal_G2":"1.10", "ascFanta_G2_ACP":0.0, "ascFanta_pID_F1":"201933", "ascFanta_trKey_F1":"6c014a4d-3994-11e9-be1d-000c29d02d18", "ascFanta_pVal_F1":"10.30", "ascFanta_F1_ACP":54.5, "ascFanta_pID_F2":"202330", "ascFanta_trKey_F2":"6c014a88-3994-11e9-be1d-000c29d02d18", "ascFanta_pVal_F2":"5.60", "ascFanta_F2_ACP":0.0, "ascFanta_pID_C1":"203076", "ascFanta_trKey_C1":"6c014ac0-3994-11e9-be1d-000c29d02d18", "ascFanta_pVal_C1":"12.70", "ascFanta_C1_ACP":37.5, "ascFanta_pID_B1":"203613", "ascFanta_trKey_B1":"6c014af7-3994-11e9-be1d-000c29d02d18", "ascFanta_pVal_B1":"2.70", "ascFanta_B1_ACP":8.0, "ascFanta_LogDate":"2019-02-25", "ascFanta_TodayTACP":113.5, "ascFanta_rStatus":"UTACPCfm", "ascFanta_Active":1, "ascFanta_LogKey":"ffc6e912-3b15-11e9-927e-000c29d02d18"},
 {"idascFanta_UTRoster_DailyLog_NBA":118, "ascFanta_TeamID":"c90da5a3-3b05-11e9-927e-000c29d02d18", "ascFanta_TeamName":"t4", "ascFanta_Group":"Others", "ascFanta_GroupKey":"c90da5a8-3b05-11e9-927e-000c29d02d18", "ascFanta_TeamValue":15.4, "ascFanta_TeamValueRemain":0.0, "ascFanta_pID_G1":"1628443", "ascFanta_trKey_G1":"", "ascFanta_pVal_G1":"0.50", "ascFanta_G1_ACP":0.0, "ascFanta_pID_G2":"203471", "ascFanta_trKey_G2":"", "ascFanta_pVal_G2":"6.30", "ascFanta_G2_ACP":0.0, "ascFanta_pID_F1":"1627767", "ascFanta_trKey_F1":"", "ascFanta_pVal_F1":"1.40", "ascFanta_F1_ACP":22.0, "ascFanta_pID_F2":"203922", "ascFanta_trKey_F2":"", "ascFanta_pVal_F2":"1.00", "ascFanta_F2_ACP":0.0, "ascFanta_pID_C1":"101162", "ascFanta_trKey_C1":"", "ascFanta_pVal_C1":"3.60", "ascFanta_C1_ACP":0.0, "ascFanta_pID_B1":"203118", "ascFanta_trKey_B1":"", "ascFanta_pVal_B1":"2.60", "ascFanta_B1_ACP":11.5, "ascFanta_LogDate":"2019-02-25", "ascFanta_TodayTACP":33.5, "ascFanta_rStatus":"UTACPCfm", "ascFanta_Active":1, "ascFanta_LogKey":"ffec3e5c-3b15-11e9-927e-000c29d02d18"},
 {"idascFanta_UTRoster_DailyLog_NBA":119, "ascFanta_TeamID":"eefd2986-3b05-11e9-927e-000c29d02d18", "ascFanta_TeamName":"t5", "ascFanta_Group":"testing", "ascFanta_GroupKey":"c90da379-3b05-11e9-927e-000c29d02d18", "ascFanta_TeamValue":23.0, "ascFanta_TeamValueRemain":0.0, "ascFanta_pID_G1":"1628372", "ascFanta_trKey_G1":"", "ascFanta_pVal_G1":"3.30", "ascFanta_G1_ACP":0.0, "ascFanta_pID_G2":"1627936", "ascFanta_trKey_G2":"", "ascFanta_pVal_G2":"0.50", "ascFanta_G2_ACP":0.0, "ascFanta_pID_F1":"203953", "ascFanta_trKey_F1":"", "ascFanta_pVal_F1":"4.70", "ascFanta_F1_ACP":0.0, "ascFanta_pID_F2":"203507", "ascFanta_trKey_F2":"", "ascFanta_pVal_F2":"12.50", "ascFanta_F2_ACP":0.0, "ascFanta_pID_C1":"1628383", "ascFanta_trKey_C1":"", "ascFanta_pVal_C1":"0.50", "ascFanta_C1_ACP":0.0, "ascFanta_pID_B1":"101139", "ascFanta_trKey_B1":"", "ascFanta_pVal_B1":"1.50", "ascFanta_B1_ACP":0.0, "ascFanta_LogDate":"2019-02-25", "ascFanta_TodayTACP":0.0, "ascFanta_rStatus":"UTACPCfm", "ascFanta_Active":1, "ascFanta_LogKey":"00125f8b-3b16-11e9-927e-000c29d02d18"},
 {"idascFanta_UTRoster_DailyLog_NBA":120, "ascFanta_TeamID":"c90da366-3b05-11e9-927e-000c29d02d18", "ascFanta_TeamName":"t1", "ascFanta_Group":"testing", "ascFanta_GroupKey":"c90da379-3b05-11e9-927e-000c29d02d18", "ascFanta_TeamValue":18.9, "ascFanta_TeamValueRemain":0.0, "ascFanta_pID_G1":"202734", "ascFanta_trKey_G1":"", "ascFanta_pVal_G1":"4.40", "ascFanta_G1_ACP":18.5, "ascFanta_pID_G2":"203095", "ascFanta_trKey_G2":"", "ascFanta_pVal_G2":"6.10", "ascFanta_G2_ACP":0.0, "ascFanta_pID_F1":"203112", "ascFanta_trKey_F1":"", "ascFanta_pVal_F1":"0.50", "ascFanta_F1_ACP":0.0, "ascFanta_pID_F2":"1626158", "ascFanta_trKey_F2":"", "ascFanta_pVal_F2":"4.60", "ascFanta_F2_ACP":23.5, "ascFanta_pID_C1":"2403", "ascFanta_trKey_C1":"", "ascFanta_pVal_C1":"1.20", "ascFanta_C1_ACP":0.0, "ascFanta_pID_B1":"1626171", "ascFanta_trKey_B1":"", "ascFanta_pVal_B1":"2.10", "ascFanta_B1_ACP":0.0, "ascFanta_LogDate":"2019-02-25", "ascFanta_TodayTACP":42.0, "ascFanta_rStatus":"UTACPCfm", "ascFanta_Active":1, "ascFanta_LogKey":"00373829-3b16-11e9-927e-000c29d02d18"},
 {"idascFanta_UTRoster_DailyLog_NBA":121, "ascFanta_TeamID":"c90da496-3b05-11e9-927e-000c29d02d18", "ascFanta_TeamName":"t2", "ascFanta_Group":"testing", "ascFanta_GroupKey":"c90da379-3b05-11e9-927e-000c29d02d18", "ascFanta_TeamValue":24.1, "ascFanta_TeamValueRemain":0.0, "ascFanta_pID_G1":"203917", "ascFanta_trKey_G1":"", "ascFanta_pVal_G1":"2.50", "ascFanta_G1_ACP":2.5, "ascFanta_pID_G2":"203145", "ascFanta_trKey_G2":"", "ascFanta_pVal_G2":"4.90", "ascFanta_G2_ACP":14.0, "ascFanta_pID_F1":"203460", "ascFanta_trKey_F1":"", "ascFanta_pVal_F1":"0.50", "ascFanta_F1_ACP":0.0, "ascFanta_pID_F2":"1628470", "ascFanta_trKey_F2":"", "ascFanta_pVal_F2":"3.20", "ascFanta_F2_ACP":0.0, "ascFanta_pID_C1":"203999", "ascFanta_trKey_C1":"", "ascFanta_pVal_C1":"11.90", "ascFanta_C1_ACP":0.0, "ascFanta_pID_B1":"202325", "ascFanta_trKey_B1":"", "ascFanta_pVal_B1":"1.10", "ascFanta_B1_ACP":0.0, "ascFanta_LogDate":"2019-02-25", "ascFanta_TodayTACP":16.5, "ascFanta_rStatus":"UTACPCfm", "ascFanta_Active":1, "ascFanta_LogKey":"005b421b-3b16-11e9-927e-000c29d02d18"},
 {"idascFanta_UTRoster_DailyLog_NBA":122, "ascFanta_TeamID":"c90da54c-3b05-11e9-927e-000c29d02d18", "ascFanta_TeamName":"t3", "ascFanta_Group":"TMFriends", "ascFanta_GroupKey":"e1f72289-2122-11e9-9198-000c29d02d18", "ascFanta_TeamValue":27.7, "ascFanta_TeamValueRemain":0.0, "ascFanta_pID_G1":"1628988", "ascFanta_trKey_G1":"", "ascFanta_pVal_G1":"1.40", "ascFanta_G1_ACP":0.0, "ascFanta_pID_G2":"203078", "ascFanta_trKey_G2":"", "ascFanta_pVal_G2":"9.70", "ascFanta_G2_ACP":0.0, "ascFanta_pID_F1":"1627772", "ascFanta_trKey_F1":"", "ascFanta_pVal_F1":"0.80", "ascFanta_F1_ACP":0.0, "ascFanta_pID_F2":"203944", "ascFanta_trKey_F2":"", "ascFanta_pVal_F2":"9.10", "ascFanta_F2_ACP":0.0, "ascFanta_pID_C1":"2199", "ascFanta_trKey_C1":"", "ascFanta_pVal_C1":"3.60", "ascFanta_C1_ACP":0.0, "ascFanta_pID_B1":"1627752", "ascFanta_trKey_B1":"", "ascFanta_pVal_B1":"3.10", "ascFanta_B1_ACP":0.0, "ascFanta_LogDate":"2019-02-26", "ascFanta_TodayTACP":0.0, "ascFanta_rStatus":"UTACPCfm", "ascFanta_Active":1, "ascFanta_LogKey":"267683d3-3b16-11e9-927e-000c29d02d18"},
 {"idascFanta_UTRoster_DailyLog_NBA":123, "ascFanta_TeamID":"06651b08-2472-11e9-bf59-000c29d02d18", "ascFanta_TeamName":"piano", "ascFanta_Group":"TMFriends", "ascFanta_GroupKey":"e1f72289-2122-11e9-9198-000c29d02d18", "ascFanta_TeamValue":73.1, "ascFanta_TeamValueRemain":0.0, "ascFanta_pID_G1":"201935", "ascFanta_trKey_G1":"6c014b2f-3994-11e9-be1d-000c29d02d18", "ascFanta_pVal_G1":"12.80", "ascFanta_G1_ACP":0.0, "ascFanta_pID_G2":"201566", "ascFanta_trKey_G2":"6c014b67-3994-11e9-be1d-000c29d02d18", "ascFanta_pVal_G2":"11.50", "ascFanta_G2_ACP":47.0, "ascFanta_pID_F1":"203076", "ascFanta_trKey_F1":"6c014b9f-3994-11e9-be1d-000c29d02d18", "ascFanta_pVal_F1":"12.70", "ascFanta_F1_ACP":0.0, "ascFanta_pID_F2":"203507", "ascFanta_trKey_F2":"6c014bd6-3994-11e9-be1d-000c29d02d18", "ascFanta_pVal_F2":"12.50", "ascFanta_F2_ACP":0.0, "ascFanta_pID_C1":"203999", "ascFanta_trKey_C1":"6c014c0c-3994-11e9-be1d-000c29d02d18", "ascFanta_pVal_C1":"11.90", "ascFanta_C1_ACP":60.0, "ascFanta_pID_B1":"201142", "ascFanta_trKey_B1":"6c014c43-3994-11e9-be1d-000c29d02d18", "ascFanta_pVal_B1":"11.70", "ascFanta_B1_ACP":0.0, "ascFanta_LogDate":"2019-02-26", "ascFanta_TodayTACP":107.0, "ascFanta_rStatus":"UTACPCfm", "ascFanta_Active":1, "ascFanta_LogKey":"269af7a3-3b16-11e9-927e-000c29d02d18"},
 {"idascFanta_UTRoster_DailyLog_NBA":124, "ascFanta_TeamID":"ca9e8ee9-2122-11e9-9198-000c29d02d18", "ascFanta_TeamName":"treeroot", "ascFanta_Group":"TMFriends", "ascFanta_GroupKey":"e1f72289-2122-11e9-9198-000c29d02d18", "ascFanta_TeamValue":34.3, "ascFanta_TeamValueRemain":1.8, "ascFanta_pID_G1":"201609", "ascFanta_trKey_G1":"6c0148de-3994-11e9-be1d-000c29d02d18", "ascFanta_pVal_G1":"1.90", "ascFanta_G1_ACP":0.0, "ascFanta_pID_G2":"202325", "ascFanta_trKey_G2":"6c014a0b-3994-11e9-be1d-000c29d02d18", "ascFanta_pVal_G2":"1.10", "ascFanta_G2_ACP":0.0, "ascFanta_pID_F1":"201933", "ascFanta_trKey_F1":"6c014a4d-3994-11e9-be1d-000c29d02d18", "ascFanta_pVal_F1":"10.30", "ascFanta_F1_ACP":0.0, "ascFanta_pID_F2":"202330", "ascFanta_trKey_F2":"6c014a88-3994-11e9-be1d-000c29d02d18", "ascFanta_pVal_F2":"5.60", "ascFanta_F2_ACP":15.5, "ascFanta_pID_C1":"203076", "ascFanta_trKey_C1":"6c014ac0-3994-11e9-be1d-000c29d02d18", "ascFanta_pVal_C1":"12.70", "ascFanta_C1_ACP":0.0, "ascFanta_pID_B1":"203613", "ascFanta_trKey_B1":"6c014af7-3994-11e9-be1d-000c29d02d18", "ascFanta_pVal_B1":"2.70", "ascFanta_B1_ACP":0.0, "ascFanta_LogDate":"2019-02-26", "ascFanta_TodayTACP":15.5, "ascFanta_rStatus":"UTACPCfm", "ascFanta_Active":1, "ascFanta_LogKey":"26c09c72-3b16-11e9-927e-000c29d02d18"},
 {"idascFanta_UTRoster_DailyLog_NBA":125, "ascFanta_TeamID":"c90da5a3-3b05-11e9-927e-000c29d02d18", "ascFanta_TeamName":"t4", "ascFanta_Group":"Others", "ascFanta_GroupKey":"c90da5a8-3b05-11e9-927e-000c29d02d18", "ascFanta_TeamValue":15.4, "ascFanta_TeamValueRemain":0.0, "ascFanta_pID_G1":"1628443", "ascFanta_trKey_G1":"", "ascFanta_pVal_G1":"0.50", "ascFanta_G1_ACP":0.0, "ascFanta_pID_G2":"203471", "ascFanta_trKey_G2":"", "ascFanta_pVal_G2":"6.30", "ascFanta_G2_ACP":28.0, "ascFanta_pID_F1":"1627767", "ascFanta_trKey_F1":"", "ascFanta_pVal_F1":"1.40", "ascFanta_F1_ACP":0.0, "ascFanta_pID_F2":"203922", "ascFanta_trKey_F2":"", "ascFanta_pVal_F2":"1.00", "ascFanta_F2_ACP":0.0, "ascFanta_pID_C1":"101162", "ascFanta_trKey_C1":"", "ascFanta_pVal_C1":"3.60", "ascFanta_C1_ACP":0.0, "ascFanta_pID_B1":"203118", "ascFanta_trKey_B1":"", "ascFanta_pVal_B1":"2.60", "ascFanta_B1_ACP":0.0, "ascFanta_LogDate":"2019-02-26", "ascFanta_TodayTACP":28.0, "ascFanta_rStatus":"UTACPCfm", "ascFanta_Active":1, "ascFanta_LogKey":"26e63c18-3b16-11e9-927e-000c29d02d18"},
 {"idascFanta_UTRoster_DailyLog_NBA":126, "ascFanta_TeamID":"eefd2986-3b05-11e9-927e-000c29d02d18", "ascFanta_TeamName":"t5", "ascFanta_Group":"testing", "ascFanta_GroupKey":"c90da379-3b05-11e9-927e-000c29d02d18", "ascFanta_TeamValue":23.0, "ascFanta_TeamValueRemain":0.0, "ascFanta_pID_G1":"1628372", "ascFanta_trKey_G1":"", "ascFanta_pVal_G1":"3.30", "ascFanta_G1_ACP":16.5, "ascFanta_pID_G2":"1627936", "ascFanta_trKey_G2":"", "ascFanta_pVal_G2":"0.50", "ascFanta_G2_ACP":0.0, "ascFanta_pID_F1":"203953", "ascFanta_trKey_F1":"", "ascFanta_pVal_F1":"4.70", "ascFanta_F1_ACP":0.0, "ascFanta_pID_F2":"203507", "ascFanta_trKey_F2":"", "ascFanta_pVal_F2":"12.50", "ascFanta_F2_ACP":0.0, "ascFanta_pID_C1":"1628383", "ascFanta_trKey_C1":"", "ascFanta_pVal_C1":"0.50", "ascFanta_C1_ACP":0.0, "ascFanta_pID_B1":"101139", "ascFanta_trKey_B1":"", "ascFanta_pVal_B1":"1.50", "ascFanta_B1_ACP":0.0, "ascFanta_LogDate":"2019-02-26", "ascFanta_TodayTACP":16.5, "ascFanta_rStatus":"UTACPCfm", "ascFanta_Active":1, "ascFanta_LogKey":"270e8fec-3b16-11e9-927e-000c29d02d18"},
 {"idascFanta_UTRoster_DailyLog_NBA":127, "ascFanta_TeamID":"c90da366-3b05-11e9-927e-000c29d02d18", "ascFanta_TeamName":"t1", "ascFanta_Group":"testing", "ascFanta_GroupKey":"c90da379-3b05-11e9-927e-000c29d02d18", "ascFanta_TeamValue":18.9, "ascFanta_TeamValueRemain":0.0, "ascFanta_pID_G1":"202734", "ascFanta_trKey_G1":"", "ascFanta_pVal_G1":"4.40", "ascFanta_G1_ACP":0.0, "ascFanta_pID_G2":"203095", "ascFanta_trKey_G2":"", "ascFanta_pVal_G2":"6.10", "ascFanta_G2_ACP":36.0, "ascFanta_pID_F1":"203112", "ascFanta_trKey_F1":"", "ascFanta_pVal_F1":"0.50", "ascFanta_F1_ACP":0.0, "ascFanta_pID_F2":"1626158", "ascFanta_trKey_F2":"", "ascFanta_pVal_F2":"4.60", "ascFanta_F2_ACP":0.0, "ascFanta_pID_C1":"2403", "ascFanta_trKey_C1":"", "ascFanta_pVal_C1":"1.20", "ascFanta_C1_ACP":0.0, "ascFanta_pID_B1":"1626171", "ascFanta_trKey_B1":"", "ascFanta_pVal_B1":"2.10", "ascFanta_B1_ACP":0.0, "ascFanta_LogDate":"2019-02-26", "ascFanta_TodayTACP":36.0, "ascFanta_rStatus":"UTACPCfm", "ascFanta_Active":1, "ascFanta_LogKey":"2732f075-3b16-11e9-927e-000c29d02d18"},
 {"idascFanta_UTRoster_DailyLog_NBA":128, "ascFanta_TeamID":"c90da496-3b05-11e9-927e-000c29d02d18", "ascFanta_TeamName":"t2", "ascFanta_Group":"testing", "ascFanta_GroupKey":"c90da379-3b05-11e9-927e-000c29d02d18", "ascFanta_TeamValue":24.1, "ascFanta_TeamValueRemain":0.0, "ascFanta_pID_G1":"203917", "ascFanta_trKey_G1":"", "ascFanta_pVal_G1":"2.50", "ascFanta_G1_ACP":0.0, "ascFanta_pID_G2":"203145", "ascFanta_trKey_G2":"", "ascFanta_pVal_G2":"4.90", "ascFanta_G2_ACP":0.0, "ascFanta_pID_F1":"203460", "ascFanta_trKey_F1":"", "ascFanta_pVal_F1":"0.50", "ascFanta_F1_ACP":0.0, "ascFanta_pID_F2":"1628470", "ascFanta_trKey_F2":"", "ascFanta_pVal_F2":"3.20", "ascFanta_F2_ACP":16.0, "ascFanta_pID_C1":"203999", "ascFanta_trKey_C1":"", "ascFanta_pVal_C1":"11.90", "ascFanta_C1_ACP":60.0, "ascFanta_pID_B1":"202325", "ascFanta_trKey_B1":"", "ascFanta_pVal_B1":"1.10", "ascFanta_B1_ACP":0.0, "ascFanta_LogDate":"2019-02-26", "ascFanta_TodayTACP":76.0, "ascFanta_rStatus":"UTACPCfm", "ascFanta_Active":1, "ascFanta_LogKey":"275a0b09-3b16-11e9-927e-000c29d02d18"},
 {"idascFanta_UTRoster_DailyLog_NBA":129, "ascFanta_TeamID":"c90da54c-3b05-11e9-927e-000c29d02d18", "ascFanta_TeamName":"t3", "ascFanta_Group":"TMFriends", "ascFanta_GroupKey":"e1f72289-2122-11e9-9198-000c29d02d18", "ascFanta_TeamValue":27.7, "ascFanta_TeamValueRemain":0.0, "ascFanta_pID_G1":"1628988", "ascFanta_trKey_G1":"", "ascFanta_pVal_G1":"1.40", "ascFanta_G1_ACP":2.0, "ascFanta_pID_G2":"203078", "ascFanta_trKey_G2":"", "ascFanta_pVal_G2":"9.70", "ascFanta_G2_ACP":40.0, "ascFanta_pID_F1":"1627772", "ascFanta_trKey_F1":"", "ascFanta_pVal_F1":"0.80", "ascFanta_F1_ACP":0.0, "ascFanta_pID_F2":"203944", "ascFanta_trKey_F2":"", "ascFanta_pVal_F2":"9.10", "ascFanta_F2_ACP":46.5, "ascFanta_pID_C1":"2199", "ascFanta_trKey_C1":"", "ascFanta_pVal_C1":"3.60", "ascFanta_C1_ACP":0.0, "ascFanta_pID_B1":"1627752", "ascFanta_trKey_B1":"", "ascFanta_pVal_B1":"3.10", "ascFanta_B1_ACP":12.0, "ascFanta_LogDate":"2019-02-27", "ascFanta_TodayTACP":100.5, "ascFanta_rStatus":"UTACPCfm", "ascFanta_Active":1, "ascFanta_LogKey":"8b7888c1-3bd4-11e9-927e-000c29d02d18"},
 {"idascFanta_UTRoster_DailyLog_NBA":130, "ascFanta_TeamID":"06651b08-2472-11e9-bf59-000c29d02d18", "ascFanta_TeamName":"piano", "ascFanta_Group":"TMFriends", "ascFanta_GroupKey":"e1f72289-2122-11e9-9198-000c29d02d18", "ascFanta_TeamValue":73.1, "ascFanta_TeamValueRemain":0.0, "ascFanta_pID_G1":"201935", "ascFanta_trKey_G1":"6c014b2f-3994-11e9-be1d-000c29d02d18", "ascFanta_pVal_G1":"12.80", "ascFanta_G1_ACP":45.5, "ascFanta_pID_G2":"201566", "ascFanta_trKey_G2":"6c014b67-3994-11e9-be1d-000c29d02d18", "ascFanta_pVal_G2":"11.50", "ascFanta_G2_ACP":0.0, "ascFanta_pID_F1":"203076", "ascFanta_trKey_F1":"6c014b9f-3994-11e9-be1d-000c29d02d18", "ascFanta_pVal_F1":"12.70", "ascFanta_F1_ACP":31.0, "ascFanta_pID_F2":"203507", "ascFanta_trKey_F2":"6c014bd6-3994-11e9-be1d-000c29d02d18", "ascFanta_pVal_F2":"12.50", "ascFanta_F2_ACP":31.0, "ascFanta_pID_C1":"203999", "ascFanta_trKey_C1":"6c014c0c-3994-11e9-be1d-000c29d02d18", "ascFanta_pVal_C1":"11.90", "ascFanta_C1_ACP":0.0, "ascFanta_pID_B1":"201142", "ascFanta_trKey_B1":"6c014c43-3994-11e9-be1d-000c29d02d18", "ascFanta_pVal_B1":"11.70", "ascFanta_B1_ACP":41.5, "ascFanta_LogDate":"2019-02-27", "ascFanta_TodayTACP":149.0, "ascFanta_rStatus":"UTACPCfm", "ascFanta_Active":1, "ascFanta_LogKey":"8b9e2bac-3bd4-11e9-927e-000c29d02d18"},
 {"idascFanta_UTRoster_DailyLog_NBA":131, "ascFanta_TeamID":"ca9e8ee9-2122-11e9-9198-000c29d02d18", "ascFanta_TeamName":"treeroot", "ascFanta_Group":"TMFriends", "ascFanta_GroupKey":"e1f72289-2122-11e9-9198-000c29d02d18", "ascFanta_TeamValue":34.3, "ascFanta_TeamValueRemain":1.8, "ascFanta_pID_G1":"201609", "ascFanta_trKey_G1":"6c0148de-3994-11e9-be1d-000c29d02d18", "ascFanta_pVal_G1":"1.90", "ascFanta_G1_ACP":29.5, "ascFanta_pID_G2":"202325", "ascFanta_trKey_G2":"6c014a0b-3994-11e9-be1d-000c29d02d18", "ascFanta_pVal_G2":"1.10", "ascFanta_G2_ACP":5.0, "ascFanta_pID_F1":"201933", "ascFanta_trKey_F1":"6c014a4d-3994-11e9-be1d-000c29d02d18", "ascFanta_pVal_F1":"10.30", "ascFanta_F1_ACP":34.5, "ascFanta_pID_F2":"202330", "ascFanta_trKey_F2":"6c014a88-3994-11e9-be1d-000c29d02d18", "ascFanta_pVal_F2":"5.60", "ascFanta_F2_ACP":11.0, "ascFanta_pID_C1":"203076", "ascFanta_trKey_C1":"6c014ac0-3994-11e9-be1d-000c29d02d18", "ascFanta_pVal_C1":"12.70", "ascFanta_C1_ACP":31.0, "ascFanta_pID_B1":"203613", "ascFanta_trKey_B1":"6c014af7-3994-11e9-be1d-000c29d02d18", "ascFanta_pVal_B1":"2.70", "ascFanta_B1_ACP":0.0, "ascFanta_LogDate":"2019-02-27", "ascFanta_TodayTACP":111.0, "ascFanta_rStatus":"UTACPCfm", "ascFanta_Active":1, "ascFanta_LogKey":"8bc3c644-3bd4-11e9-927e-000c29d02d18"},
 {"idascFanta_UTRoster_DailyLog_NBA":132, "ascFanta_TeamID":"c90da5a3-3b05-11e9-927e-000c29d02d18", "ascFanta_TeamName":"t4", "ascFanta_Group":"Others", "ascFanta_GroupKey":"c90da5a8-3b05-11e9-927e-000c29d02d18", "ascFanta_TeamValue":15.4, "ascFanta_TeamValueRemain":0.0, "ascFanta_pID_G1":"1628443", "ascFanta_trKey_G1":"", "ascFanta_pVal_G1":"0.50", "ascFanta_G1_ACP":0.0, "ascFanta_pID_G2":"203471", "ascFanta_trKey_G2":"", "ascFanta_pVal_G2":"6.30", "ascFanta_G2_ACP":0.0, "ascFanta_pID_F1":"1627767", "ascFanta_trKey_F1":"", "ascFanta_pVal_F1":"1.40", "ascFanta_F1_ACP":12.5, "ascFanta_pID_F2":"203922", "ascFanta_trKey_F2":"", "ascFanta_pVal_F2":"1.00", "ascFanta_F2_ACP":0.0, "ascFanta_pID_C1":"101162", "ascFanta_trKey_C1":"", "ascFanta_pVal_C1":"3.60", "ascFanta_C1_ACP":0.0, "ascFanta_pID_B1":"203118", "ascFanta_trKey_B1":"", "ascFanta_pVal_B1":"2.60", "ascFanta_B1_ACP":0.0, "ascFanta_LogDate":"2019-02-27", "ascFanta_TodayTACP":12.5, "ascFanta_rStatus":"UTACPCfm", "ascFanta_Active":1, "ascFanta_LogKey":"8be9d9e8-3bd4-11e9-927e-000c29d02d18"},
 {"idascFanta_UTRoster_DailyLog_NBA":133, "ascFanta_TeamID":"eefd2986-3b05-11e9-927e-000c29d02d18", "ascFanta_TeamName":"t5", "ascFanta_Group":"testing", "ascFanta_GroupKey":"c90da379-3b05-11e9-927e-000c29d02d18", "ascFanta_TeamValue":23.0, "ascFanta_TeamValueRemain":0.0, "ascFanta_pID_G1":"1628372", "ascFanta_trKey_G1":"", "ascFanta_pVal_G1":"3.30", "ascFanta_G1_ACP":0.0, "ascFanta_pID_G2":"1627936", "ascFanta_trKey_G2":"", "ascFanta_pVal_G2":"0.50", "ascFanta_G2_ACP":0.0, "ascFanta_pID_F1":"203953", "ascFanta_trKey_F1":"", "ascFanta_pVal_F1":"4.70", "ascFanta_F1_ACP":37.0, "ascFanta_pID_F2":"203507", "ascFanta_trKey_F2":"", "ascFanta_pVal_F2":"12.50", "ascFanta_F2_ACP":31.0, "ascFanta_pID_C1":"1628383", "ascFanta_trKey_C1":"", "ascFanta_pVal_C1":"0.50", "ascFanta_C1_ACP":0.0, "ascFanta_pID_B1":"101139", "ascFanta_trKey_B1":"", "ascFanta_pVal_B1":"1.50", "ascFanta_B1_ACP":6.5, "ascFanta_LogDate":"2019-02-27", "ascFanta_TodayTACP":74.5, "ascFanta_rStatus":"UTACPCfm", "ascFanta_Active":1, "ascFanta_LogKey":"8c0f4491-3bd4-11e9-927e-000c29d02d18"},
 {"idascFanta_UTRoster_DailyLog_NBA":134, "ascFanta_TeamID":"c90da366-3b05-11e9-927e-000c29d02d18", "ascFanta_TeamName":"t1", "ascFanta_Group":"testing", "ascFanta_GroupKey":"c90da379-3b05-11e9-927e-000c29d02d18", "ascFanta_TeamValue":18.9, "ascFanta_TeamValueRemain":0.0, "ascFanta_pID_G1":"202734", "ascFanta_trKey_G1":"", "ascFanta_pVal_G1":"4.40", "ascFanta_G1_ACP":4.0, "ascFanta_pID_G2":"203095", "ascFanta_trKey_G2":"", "ascFanta_pVal_G2":"6.10", "ascFanta_G2_ACP":0.0, "ascFanta_pID_F1":"203112", "ascFanta_trKey_F1":"", "ascFanta_pVal_F1":"0.50", "ascFanta_F1_ACP":0.0, "ascFanta_pID_F2":"1626158", "ascFanta_trKey_F2":"", "ascFanta_pVal_F2":"4.60", "ascFanta_F2_ACP":0.0, "ascFanta_pID_C1":"2403", "ascFanta_trKey_C1":"", "ascFanta_pVal_C1":"1.20", "ascFanta_C1_ACP":0.0, "ascFanta_pID_B1":"1626171", "ascFanta_trKey_B1":"", "ascFanta_pVal_B1":"2.10", "ascFanta_B1_ACP":31.0, "ascFanta_LogDate":"2019-02-27", "ascFanta_TodayTACP":35.0, "ascFanta_rStatus":"UTACPCfm", "ascFanta_Active":1, "ascFanta_LogKey":"8c3610d4-3bd4-11e9-927e-000c29d02d18"},
 {"idascFanta_UTRoster_DailyLog_NBA":135, "ascFanta_TeamID":"c90da496-3b05-11e9-927e-000c29d02d18", "ascFanta_TeamName":"t2", "ascFanta_Group":"testing", "ascFanta_GroupKey":"c90da379-3b05-11e9-927e-000c29d02d18", "ascFanta_TeamValue":24.1, "ascFanta_TeamValueRemain":0.0, "ascFanta_pID_G1":"203917", "ascFanta_trKey_G1":"", "ascFanta_pVal_G1":"2.50", "ascFanta_G1_ACP":0.0, "ascFanta_pID_G2":"203145", "ascFanta_trKey_G2":"", "ascFanta_pVal_G2":"4.90", "ascFanta_G2_ACP":9.5, "ascFanta_pID_F1":"203460", "ascFanta_trKey_F1":"", "ascFanta_pVal_F1":"0.50", "ascFanta_F1_ACP":0.0, "ascFanta_pID_F2":"1628470", "ascFanta_trKey_F2":"", "ascFanta_pVal_F2":"3.20", "ascFanta_F2_ACP":0.0, "ascFanta_pID_C1":"203999", "ascFanta_trKey_C1":"", "ascFanta_pVal_C1":"11.90", "ascFanta_C1_ACP":0.0, "ascFanta_pID_B1":"202325", "ascFanta_trKey_B1":"", "ascFanta_pVal_B1":"1.10", "ascFanta_B1_ACP":5.0, "ascFanta_LogDate":"2019-02-27", "ascFanta_TodayTACP":14.5, "ascFanta_rStatus":"UTACPCfm", "ascFanta_Active":1, "ascFanta_LogKey":"8c5d2e2b-3bd4-11e9-927e-000c29d02d18"}]