[{"idascFanta_UTRoster_DailyLog_NBA":1, "ascFanta_TeamID":"ca9e8ee9-2122-11e9-9198-000c29d02d18", "ascFanta_TeamName":"treeroot", "ascFanta_TeamValue":0.0, "ascFanta_pID_G1":"201609", "ascFanta_trKey_G1":"", "ascFanta_pVal_G1":"0", "ascFanta_pID_G2":"202325", "ascFanta_trKey_G2":"", "ascFanta_pVal_G2":"0", "ascFanta_pID_F1":"201933", "ascFanta_trKey_F1":"", "ascFanta_pVal_F1":"0", "ascFanta_pID_F2":"202330", "ascFanta_trKey_F2":"", "ascFanta_pVal_F2":"0", "ascFanta_pID_C1":"203076", "ascFanta_trKey_C1":"", "ascFanta_pVal_C1":"0", "ascFanta_pID_B1":"203613", "ascFanta_trKey_B1":"", "ascFanta_pVal_B1":"0", "ascFanta_LogDate":"2019-02-11", "ascFanta_rStatus":"RCopyCfm", "ascFanta_Active":1},
 {"idascFanta_UTRoster_DailyLog_NBA":2, "ascFanta_TeamID":"06651b08-2472-11e9-bf59-000c29d02d18", "ascFanta_TeamName":"piano", "ascFanta_TeamValue":0.0, "ascFanta_pID_G1":"201935", "ascFanta_trKey_G1":"", "ascFanta_pVal_G1":"0", "ascFanta_pID_G2":"201566", "ascFanta_trKey_G2":"", "ascFanta_pVal_G2":"0", "ascFanta_pID_F1":"201142", "ascFanta_trKey_F1":"", "ascFanta_pVal_F1":"0", "ascFanta_pID_F2":"203507", "ascFanta_trKey_F2":"", "ascFanta_pVal_F2":"0", "ascFanta_pID_C1":"203076", "ascFanta_trKey_C1":"", "ascFanta_pVal_C1":"0", "ascFanta_pID_B1":"203999", "ascFanta_trKey_B1":"", "ascFanta_pVal_B1":"0", "ascFanta_LogDate":"2019-02-11", "ascFanta_rStatus":"RCopyCfm", "ascFanta_Active":1}]