[{"idascFanta_DailyTimeSegment_NBA":26, "ascFanta_dayStart_est":"2019-01-21 03:30:00", "ascFanta_dayStart_hkt":"2019-01-21 16:30:00", "ascFanta_dayEnd_est":"2019-01-22 03:30:00", "ascFanta_dayEnd_hkt":"2019-01-22 16:30:00", "ascFanta_League":"", "ascFanta_seasonYear":"", "ascFanta_seasonStage":"", "ascFanta_BuyTrade":1, "ascFanta_BuyCost":1, "ascFanta_RCR_Window":1, "ascFanta_RCR_EndTime_est":"2019-01-21 11:30:00", "ascFanta_RCR_EndTime_hkt":"2019-01-22 00:30:00", "ascFanta_RCRManual_EndTime_est":"", "ascFanta_RCRManual_EndTime_hkt":"", "ascFanta_UTRosterCopy_StartTime_est":"2019-01-21 12:30:00", "ascFanta_UTRosterCopy_StartTime_hkt":"2019-01-22 01:30:00", "ascFanta_UTRosterCopy_Status":0, "ascFanta_RosterValueCalculation_Status":0, "ascFanta_TodayMatches":"0021800691,0021800692,0021800693,0021800694,0021800695,0021800696,0021800697,0021800698,0021800699,0021800700,0021800701", "ascFanta_GameResults":"0,0,0,0,0,0,0,0,0,0,0", "ascFanta_GameResult_Status":0, "ascFanta_ACPCalculation":"0,0,0,0,0,0,0,0,0,0,0", "ascFanta_ACPCalculation_Status":0, "ascFanta_FreeTradeKey":"0", "ascFanta_FreeTradeValue":0, "ascFanta_FreeTrade_Timestamp":"2019-01-22 12:40:00", "ascFanta_PlayerMovement_StartTime_est":"2019-01-21 12:30:00", "ascFanta_PlayerMovement_StartTime_hkt":"2019-01-22 01:30:00", "ascFanta_PlayerMovement_Status":0, "ascFanta_MatchMovement_StartTime_est":"2019-01-21 12:30:00", "ascFanta_MatchMovement_StartTime_hkt":"2019-01-22 01:30:00", "ascFanta_MatchMovement_Status":0, "ascFanta_DayComplete":0, "ascFanta_recordKey":"c9c598bf-1dff-11e9-af21-000c29d02d18", "ascFanta_TimeZone":"", "ascFanta_rActive":0},
 {"idascFanta_DailyTimeSegment_NBA":27, "ascFanta_dayStart_est":"2019-01-23 03:30:00", "ascFanta_dayStart_hkt":"2019-01-23 16:30:00", "ascFanta_dayEnd_est":"2019-01-24 03:30:00", "ascFanta_dayEnd_hkt":"2019-01-24 16:30:00", "ascFanta_League":"", "ascFanta_seasonYear":"", "ascFanta_seasonStage":"", "ascFanta_BuyTrade":1, "ascFanta_BuyCost":1, "ascFanta_RCR_Window":1, "ascFanta_RCR_EndTime_est":"2019-01-23 18:00:00", "ascFanta_RCR_EndTime_hkt":"2019-01-24 07:00:00", "ascFanta_RCRManual_EndTime_est":"", "ascFanta_RCRManual_EndTime_hkt":"", "ascFanta_UTRosterCopy_StartTime_est":"2019-01-23 19:00:00", "ascFanta_UTRosterCopy_StartTime_hkt":"2019-01-24 08:00:00", "ascFanta_UTRosterCopy_Status":0, "ascFanta_RosterValueCalculation_Status":0, "ascFanta_TodayMatches":"0021800706,0021800707,0021800708,0021800709,0021800710,0021800711,0021800712,0021800713,0021800714,0021800715", "ascFanta_GameResults":"0,0,0,0,0,0,0,0,0,0", "ascFanta_GameResult_Status":0, "ascFanta_ACPCalculation":"0,0,0,0,0,0,0,0,0,0", "ascFanta_ACPCalculation_Status":0, "ascFanta_FreeTradeKey":"0", "ascFanta_FreeTradeValue":0, "ascFanta_FreeTrade_Timestamp":"2019-01-23 16:35:00", "ascFanta_PlayerMovement_StartTime_est":"2019-01-23 19:00:00", "ascFanta_PlayerMovement_StartTime_hkt":"2019-01-24 08:00:00", "ascFanta_PlayerMovement_Status":0, "ascFanta_MatchMovement_StartTime_est":"2019-01-23 19:00:00", "ascFanta_MatchMovement_StartTime_hkt":"2019-01-24 08:00:00", "ascFanta_MatchMovement_Status":0, "ascFanta_DayComplete":0, "ascFanta_recordKey":"e2df2856-1ee9-11e9-b4c3-000c29d02d18", "ascFanta_TimeZone":"", "ascFanta_rActive":0},
 {"idascFanta_DailyTimeSegment_NBA":29, "ascFanta_dayStart_est":"2019-01-24 03:30:00", "ascFanta_dayStart_hkt":"2019-01-24 16:30:00", "ascFanta_dayEnd_est":"2019-01-25 03:30:00", "ascFanta_dayEnd_hkt":"2019-01-25 16:30:00", "ascFanta_League":"", "ascFanta_seasonYear":"", "ascFanta_seasonStage":"", "ascFanta_BuyTrade":1, "ascFanta_BuyCost":1, "ascFanta_RCR_Window":1, "ascFanta_RCR_EndTime_est":"2019-01-24 19:00:00", "ascFanta_RCR_EndTime_hkt":"2019-01-25 08:00:00", "ascFanta_RCRManual_EndTime_est":"", "ascFanta_RCRManual_EndTime_hkt":"", "ascFanta_UTRosterCopy_StartTime_est":"2019-01-24 20:00:00", "ascFanta_UTRosterCopy_StartTime_hkt":"2019-01-25 09:00:00", "ascFanta_UTRosterCopy_Status":0, "ascFanta_RosterValueCalculation_Status":0, "ascFanta_TodayMatches":"0021800716,0021800717,0021800718,0021800719", "ascFanta_GameResults":"0,0,0,0", "ascFanta_GameResult_Status":0, "ascFanta_ACPCalculation":"0,0,0,0", "ascFanta_ACPCalculation_Status":0, "ascFanta_FreeTradeKey":"0", "ascFanta_FreeTradeValue":0, "ascFanta_FreeTrade_Timestamp":"2019-01-25 09:30:00", "ascFanta_PlayerMovement_StartTime_est":"2019-01-24 20:00:00", "ascFanta_PlayerMovement_StartTime_hkt":"2019-01-25 09:00:00", "ascFanta_PlayerMovement_Status":0, "ascFanta_MatchMovement_StartTime_est":"2019-01-24 20:00:00", "ascFanta_MatchMovement_StartTime_hkt":"2019-01-25 09:00:00", "ascFanta_MatchMovement_Status":0, "ascFanta_DayComplete":0, "ascFanta_recordKey":"ce8b1f39-2040-11e9-b4c3-000c29d02d18", "ascFanta_TimeZone":"", "ascFanta_rActive":0},
 {"idascFanta_DailyTimeSegment_NBA":30, "ascFanta_dayStart_est":"2019-01-25 03:30:00", "ascFanta_dayStart_hkt":"2019-01-25 16:30:00", "ascFanta_dayEnd_est":"2019-01-26 03:30:00", "ascFanta_dayEnd_hkt":"2019-01-26 16:30:00", "ascFanta_League":"", "ascFanta_seasonYear":"", "ascFanta_seasonStage":"", "ascFanta_BuyTrade":1, "ascFanta_BuyCost":1, "ascFanta_RCR_Window":1, "ascFanta_RCR_EndTime_est":"2019-01-25 18:00:00", "ascFanta_RCR_EndTime_hkt":"2019-01-26 07:00:00", "ascFanta_RCRManual_EndTime_est":"", "ascFanta_RCRManual_EndTime_hkt":"", "ascFanta_UTRosterCopy_StartTime_est":"2019-01-25 19:00:00", "ascFanta_UTRosterCopy_StartTime_hkt":"2019-01-26 08:00:00", "ascFanta_UTRosterCopy_Status":0, "ascFanta_RosterValueCalculation_Status":0, "ascFanta_TodayMatches":"0021800720,0021800721,0021800722,0021800723,0021800724,0021800725,0021800726,0021800727,0021800728,0021800729", "ascFanta_GameResults":"0,0,0,0,0,0,0,0,0,0", "ascFanta_GameResult_Status":0, "ascFanta_ACPCalculation":"0,0,0,0,0,0,0,0,0,0", "ascFanta_ACPCalculation_Status":0, "ascFanta_FreeTradeKey":"0", "ascFanta_FreeTradeValue":0, "ascFanta_FreeTrade_Timestamp":"2019-01-26 11:24:00", "ascFanta_PlayerMovement_StartTime_est":"2019-01-25 19:00:00", "ascFanta_PlayerMovement_StartTime_hkt":"2019-01-26 08:00:00", "ascFanta_PlayerMovement_Status":0, "ascFanta_MatchMovement_StartTime_est":"2019-01-25 19:00:00", "ascFanta_MatchMovement_StartTime_hkt":"2019-01-26 08:00:00", "ascFanta_MatchMovement_Status":0, "ascFanta_DayComplete":0, "ascFanta_recordKey":"de00e3b9-2119-11e9-9198-000c29d02d18", "ascFanta_TimeZone":"", "ascFanta_rActive":0},
 {"idascFanta_DailyTimeSegment_NBA":31, "ascFanta_dayStart_est":"2019-01-27 03:30:00", "ascFanta_dayStart_hkt":"2019-01-27 16:30:00", "ascFanta_dayEnd_est":"2019-01-28 03:30:00", "ascFanta_dayEnd_hkt":"2019-01-28 16:30:00", "ascFanta_League":"", "ascFanta_seasonYear":"", "ascFanta_seasonStage":"", "ascFanta_BuyTrade":1, "ascFanta_BuyCost":1, "ascFanta_RCR_Window":1, "ascFanta_RCR_EndTime_est":"2019-01-27 14:30:00", "ascFanta_RCR_EndTime_hkt":"2019-01-28 03:30:00", "ascFanta_RCRManual_EndTime_est":"", "ascFanta_RCRManual_EndTime_hkt":"", "ascFanta_UTRosterCopy_StartTime_est":"2019-01-27 15:30:00", "ascFanta_UTRosterCopy_StartTime_hkt":"2019-01-28 04:30:00", "ascFanta_UTRosterCopy_Status":0, "ascFanta_RosterValueCalculation_Status":0, "ascFanta_TodayMatches":"0021800735,0021800736,0021800738,0021800737,0021800739,0021800740,0021800742,0021800741,0021800743", "ascFanta_GameResults":"0,0,0,0,0,0,0,0,0", "ascFanta_GameResult_Status":0, "ascFanta_ACPCalculation":"0,0,0,0,0,0,0,0,0", "ascFanta_ACPCalculation_Status":0, "ascFanta_FreeTradeKey":"0", "ascFanta_FreeTradeValue":0, "ascFanta_FreeTrade_Timestamp":"2019-01-27 16:34:00", "ascFanta_PlayerMovement_StartTime_est":"2019-01-27 15:30:00", "ascFanta_PlayerMovement_StartTime_hkt":"2019-01-28 04:30:00", "ascFanta_PlayerMovement_Status":0, "ascFanta_MatchMovement_StartTime_est":"2019-01-27 15:30:00", "ascFanta_MatchMovement_StartTime_hkt":"2019-01-28 04:30:00", "ascFanta_MatchMovement_Status":0, "ascFanta_DayComplete":0, "ascFanta_recordKey":"55b227a1-220e-11e9-9198-000c29d02d18", "ascFanta_TimeZone":"", "ascFanta_rActive":0},
 {"idascFanta_DailyTimeSegment_NBA":32, "ascFanta_dayStart_est":"2019-01-28 03:30:00", "ascFanta_dayStart_hkt":"2019-01-28 16:30:00", "ascFanta_dayEnd_est":"2019-01-29 03:30:00", "ascFanta_dayEnd_hkt":"2019-01-29 16:30:00", "ascFanta_League":"", "ascFanta_seasonYear":"", "ascFanta_seasonStage":"", "ascFanta_BuyTrade":1, "ascFanta_BuyCost":1, "ascFanta_RCR_Window":1, "ascFanta_RCR_EndTime_est":"2019-01-28 18:00:00", "ascFanta_RCR_EndTime_hkt":"2019-01-29 07:00:00", "ascFanta_RCRManual_EndTime_est":"", "ascFanta_RCRManual_EndTime_hkt":"", "ascFanta_UTRosterCopy_StartTime_est":"2019-01-28 19:00:00", "ascFanta_UTRosterCopy_StartTime_hkt":"2019-01-29 08:00:00", "ascFanta_UTRosterCopy_Status":0, "ascFanta_RosterValueCalculation_Status":0, "ascFanta_TodayMatches":"0021800744,0021800745,0021800746,0021800747,0021800748", "ascFanta_GameResults":"0,0,0,0,0", "ascFanta_GameResult_Status":0, "ascFanta_ACPCalculation":"0,0,0,0,0", "ascFanta_ACPCalculation_Status":0, "ascFanta_FreeTradeKey":"0", "ascFanta_FreeTradeValue":0, "ascFanta_FreeTrade_Timestamp":"2019-01-28 18:11:00", "ascFanta_PlayerMovement_StartTime_est":"2019-01-28 19:00:00", "ascFanta_PlayerMovement_StartTime_hkt":"2019-01-29 08:00:00", "ascFanta_PlayerMovement_Status":0, "ascFanta_MatchMovement_StartTime_est":"2019-01-28 19:00:00", "ascFanta_MatchMovement_StartTime_hkt":"2019-01-29 08:00:00", "ascFanta_MatchMovement_Status":0, "ascFanta_DayComplete":0, "ascFanta_recordKey":"041c6c20-22e5-11e9-bcd8-000c29d02d18", "ascFanta_TimeZone":"", "ascFanta_rActive":0},
 {"idascFanta_DailyTimeSegment_NBA":33, "ascFanta_dayStart_est":"2019-01-29 03:30:00", "ascFanta_dayStart_hkt":"2019-01-29 16:30:00", "ascFanta_dayEnd_est":"2019-01-30 03:30:00", "ascFanta_dayEnd_hkt":"2019-01-30 16:30:00", "ascFanta_League":"", "ascFanta_seasonYear":"", "ascFanta_seasonStage":"", "ascFanta_BuyTrade":1, "ascFanta_BuyCost":1, "ascFanta_RCR_Window":1, "ascFanta_RCR_EndTime_est":"2019-01-29 18:00:00", "ascFanta_RCR_EndTime_hkt":"2019-01-30 07:00:00", "ascFanta_RCRManual_EndTime_est":"", "ascFanta_RCRManual_EndTime_hkt":"", "ascFanta_UTRosterCopy_StartTime_est":"2019-01-29 19:00:00", "ascFanta_UTRosterCopy_StartTime_hkt":"2019-01-30 08:00:00", "ascFanta_UTRosterCopy_Status":0, "ascFanta_RosterValueCalculation_Status":0, "ascFanta_TodayMatches":"0021800749,0021800750,0021800751,0021800752,0021800753,0021800754,0021800755", "ascFanta_GameResults":"0,0,0,0,0,0,0", "ascFanta_GameResult_Status":0, "ascFanta_ACPCalculation":"0,0,0,0,0,0,0", "ascFanta_ACPCalculation_Status":0, "ascFanta_FreeTradeKey":"0f00c816-23ba-11e9-a6cf-000c29d02d18", "ascFanta_FreeTradeValue":2, "ascFanta_FreeTrade_Timestamp":"2019-01-29 19:36:00", "ascFanta_PlayerMovement_StartTime_est":"2019-01-29 19:00:00", "ascFanta_PlayerMovement_StartTime_hkt":"2019-01-30 08:00:00", "ascFanta_PlayerMovement_Status":0, "ascFanta_MatchMovement_StartTime_est":"2019-01-29 19:00:00", "ascFanta_MatchMovement_StartTime_hkt":"2019-01-30 08:00:00", "ascFanta_MatchMovement_Status":0, "ascFanta_DayComplete":0, "ascFanta_recordKey":"0f027fcb-23ba-11e9-a6cf-000c29d02d18", "ascFanta_TimeZone":"", "ascFanta_rActive":0},
 {"idascFanta_DailyTimeSegment_NBA":34, "ascFanta_dayStart_est":"2019-01-30 03:30:00", "ascFanta_dayStart_hkt":"2019-01-30 16:30:00", "ascFanta_dayEnd_est":"2019-01-31 03:30:00", "ascFanta_dayEnd_hkt":"2019-01-31 16:30:00", "ascFanta_League":"", "ascFanta_seasonYear":"", "ascFanta_seasonStage":"", "ascFanta_BuyTrade":1, "ascFanta_BuyCost":1, "ascFanta_RCR_Window":1, "ascFanta_RCR_EndTime_est":"2019-01-30 18:30:00", "ascFanta_RCR_EndTime_hkt":"2019-01-31 07:30:00", "ascFanta_RCRManual_EndTime_est":"", "ascFanta_RCRManual_EndTime_hkt":"", "ascFanta_UTRosterCopy_StartTime_est":"2019-01-30 19:30:00", "ascFanta_UTRosterCopy_StartTime_hkt":"2019-01-31 08:30:00", "ascFanta_UTRosterCopy_Status":0, "ascFanta_RosterValueCalculation_Status":0, "ascFanta_TodayMatches":"0021800756,0021800757,0021800758,0021800759,0021800760,0021800761,0021800762,0021800763", "ascFanta_GameResults":"0,0,0,0,0,0,0,0", "ascFanta_GameResult_Status":0, "ascFanta_ACPCalculation":"0,0,0,0,0,0,0,0", "ascFanta_ACPCalculation_Status":0, "ascFanta_FreeTradeKey":"0", "ascFanta_FreeTradeValue":0, "ascFanta_FreeTrade_Timestamp":"2019-01-31 16:09:00", "ascFanta_PlayerMovement_StartTime_est":"2019-01-30 19:30:00", "ascFanta_PlayerMovement_StartTime_hkt":"2019-01-31 08:30:00", "ascFanta_PlayerMovement_Status":0, "ascFanta_MatchMovement_StartTime_est":"2019-01-30 19:30:00", "ascFanta_MatchMovement_StartTime_hkt":"2019-01-31 08:30:00", "ascFanta_MatchMovement_Status":0, "ascFanta_DayComplete":0, "ascFanta_recordKey":"783d8945-252f-11e9-bc0d-000c29d02d18", "ascFanta_TimeZone":"", "ascFanta_rActive":0},
 {"idascFanta_DailyTimeSegment_NBA":35, "ascFanta_dayStart_est":"2019-01-31 03:30:00", "ascFanta_dayStart_hkt":"2019-01-31 16:30:00", "ascFanta_dayEnd_est":"2019-01-31 03:30:00", "ascFanta_dayEnd_hkt":"2019-02-01 16:30:00", "ascFanta_League":"", "ascFanta_seasonYear":"", "ascFanta_seasonStage":"", "ascFanta_BuyTrade":1, "ascFanta_BuyCost":1, "ascFanta_RCR_Window":1, "ascFanta_RCR_EndTime_est":"2019-01-31 18:00:00", "ascFanta_RCR_EndTime_hkt":"2019-02-01 07:00:00", "ascFanta_RCRManual_EndTime_est":"", "ascFanta_RCRManual_EndTime_hkt":"", "ascFanta_UTRosterCopy_StartTime_est":"2019-01-31 19:00:00", "ascFanta_UTRosterCopy_StartTime_hkt":"2019-02-01 08:00:00", "ascFanta_UTRosterCopy_Status":0, "ascFanta_RosterValueCalculation_Status":0, "ascFanta_TodayMatches":"0021800764,0021800765,0021800766,0021800767,0021800768,0021800769", "ascFanta_GameResults":"0,0,0,0,0,0", "ascFanta_GameResult_Status":0, "ascFanta_ACPCalculation":"0,0,0,0,0,0", "ascFanta_ACPCalculation_Status":0, "ascFanta_FreeTradeKey":"0", "ascFanta_FreeTradeValue":0, "ascFanta_FreeTrade_Timestamp":"2019-01-31 18:40:00", "ascFanta_PlayerMovement_StartTime_est":"2019-01-31 19:00:00", "ascFanta_PlayerMovement_StartTime_hkt":"2019-02-01 08:00:00", "ascFanta_PlayerMovement_Status":0, "ascFanta_MatchMovement_StartTime_est":"2019-01-31 19:00:00", "ascFanta_MatchMovement_StartTime_hkt":"2019-02-01 08:00:00", "ascFanta_MatchMovement_Status":0, "ascFanta_DayComplete":0, "ascFanta_recordKey":"a562c1af-2544-11e9-bc0d-000c29d02d18", "ascFanta_TimeZone":"", "ascFanta_rActive":0},
 {"idascFanta_DailyTimeSegment_NBA":36, "ascFanta_dayStart_est":"2019-02-01 03:30:00", "ascFanta_dayStart_hkt":"2019-02-01 16:30:00", "ascFanta_dayEnd_est":"2019-02-02 03:30:00", "ascFanta_dayEnd_hkt":"2019-02-02 16:30:00", "ascFanta_League":"", "ascFanta_seasonYear":"", "ascFanta_seasonStage":"", "ascFanta_BuyTrade":1, "ascFanta_BuyCost":1, "ascFanta_RCR_Window":1, "ascFanta_RCR_EndTime_est":"2019-02-01 18:00:00", "ascFanta_RCR_EndTime_hkt":"2019-02-02 07:00:00", "ascFanta_RCRManual_EndTime_est":"", "ascFanta_RCRManual_EndTime_hkt":"", "ascFanta_UTRosterCopy_StartTime_est":"2019-02-01 19:00:00", "ascFanta_UTRosterCopy_StartTime_hkt":"2019-02-02 08:00:00", "ascFanta_UTRosterCopy_Status":0, "ascFanta_RosterValueCalculation_Status":0, "ascFanta_TodayMatches":"0021800770,0021800771,0021800772,0021800773,0021800774", "ascFanta_GameResults":"0,0,0,0,0", "ascFanta_GameResult_Status":0, "ascFanta_ACPCalculation":"0,0,0,0,0", "ascFanta_ACPCalculation_Status":0, "ascFanta_FreeTradeKey":"0", "ascFanta_FreeTradeValue":0, "ascFanta_FreeTrade_Timestamp":"2019-02-01 17:00:00", "ascFanta_PlayerMovement_StartTime_est":"2019-02-01 19:00:00", "ascFanta_PlayerMovement_StartTime_hkt":"2019-02-02 08:00:00", "ascFanta_PlayerMovement_Status":0, "ascFanta_MatchMovement_StartTime_est":"2019-02-01 19:00:00", "ascFanta_MatchMovement_StartTime_hkt":"2019-02-02 08:00:00", "ascFanta_MatchMovement_Status":0, "ascFanta_DayComplete":0, "ascFanta_recordKey":"ca8b1d3f-25ff-11e9-80ec-000c29d02d18", "ascFanta_TimeZone":"", "ascFanta_rActive":0},
 {"idascFanta_DailyTimeSegment_NBA":37, "ascFanta_dayStart_est":"2019-02-02 03:30:00", "ascFanta_dayStart_hkt":"2019-02-02 16:30:00", "ascFanta_dayEnd_est":"2019-02-03 03:30:00", "ascFanta_dayEnd_hkt":"2019-02-03 16:30:00", "ascFanta_League":"", "ascFanta_seasonYear":"", "ascFanta_seasonStage":"", "ascFanta_BuyTrade":1, "ascFanta_BuyCost":1, "ascFanta_RCR_Window":1, "ascFanta_RCR_EndTime_est":"2019-02-02 16:00:00", "ascFanta_RCR_EndTime_hkt":"2019-02-03 05:00:00", "ascFanta_RCRManual_EndTime_est":"", "ascFanta_RCRManual_EndTime_hkt":"", "ascFanta_UTRosterCopy_StartTime_est":"2019-02-02 17:00:00", "ascFanta_UTRosterCopy_StartTime_hkt":"2019-02-03 06:00:00", "ascFanta_UTRosterCopy_Status":0, "ascFanta_RosterValueCalculation_Status":0, "ascFanta_TodayMatches":"0021800775,0021800776,0021800777,0021800778,0021800780,0021800781,0021800779,0021800782,0021800783,0021800784,0021800786,0021800785", "ascFanta_GameResults":"0,0,0,0,0,0,0,0,0,0,0,0", "ascFanta_GameResult_Status":0, "ascFanta_ACPCalculation":"0,0,0,0,0,0,0,0,0,0,0,0", "ascFanta_ACPCalculation_Status":0, "ascFanta_FreeTradeKey":"0", "ascFanta_FreeTradeValue":0, "ascFanta_FreeTrade_Timestamp":"2019-02-02 18:03:00", "ascFanta_PlayerMovement_StartTime_est":"2019-02-02 17:00:00", "ascFanta_PlayerMovement_StartTime_hkt":"2019-02-03 06:00:00", "ascFanta_PlayerMovement_Status":0, "ascFanta_MatchMovement_StartTime_est":"2019-02-02 17:00:00", "ascFanta_MatchMovement_StartTime_hkt":"2019-02-03 06:00:00", "ascFanta_MatchMovement_Status":0, "ascFanta_DayComplete":0, "ascFanta_recordKey":"d2d2b751-26d1-11e9-80ec-000c29d02d18", "ascFanta_TimeZone":"", "ascFanta_rActive":0},
 {"idascFanta_DailyTimeSegment_NBA":38, "ascFanta_dayStart_est":"2019-02-03 03:30:00", "ascFanta_dayStart_hkt":"2019-02-03 16:30:00", "ascFanta_dayEnd_est":"2019-02-04 03:30:00", "ascFanta_dayEnd_hkt":"2019-02-04 16:30:00", "ascFanta_League":"", "ascFanta_seasonYear":"", "ascFanta_seasonStage":"", "ascFanta_BuyTrade":1, "ascFanta_BuyCost":1, "ascFanta_RCR_Window":1, "ascFanta_RCR_EndTime_est":"2019-02-03 12:00:00", "ascFanta_RCR_EndTime_hkt":"2019-02-04 01:00:00", "ascFanta_RCRManual_EndTime_est":"", "ascFanta_RCRManual_EndTime_hkt":"", "ascFanta_UTRosterCopy_StartTime_est":"2019-02-03 13:00:00", "ascFanta_UTRosterCopy_StartTime_hkt":"2019-02-04 02:00:00", "ascFanta_UTRosterCopy_Status":0, "ascFanta_RosterValueCalculation_Status":0, "ascFanta_TodayMatches":"0021800787,0021800788,0021800789", "ascFanta_GameResults":"0,0,0", "ascFanta_GameResult_Status":0, "ascFanta_ACPCalculation":"0,0,0", "ascFanta_ACPCalculation_Status":0, "ascFanta_FreeTradeKey":"0", "ascFanta_FreeTradeValue":0, "ascFanta_FreeTrade_Timestamp":"2019-02-04 15:41:00", "ascFanta_PlayerMovement_StartTime_est":"2019-02-03 13:00:00", "ascFanta_PlayerMovement_StartTime_hkt":"2019-02-04 02:00:00", "ascFanta_PlayerMovement_Status":0, "ascFanta_MatchMovement_StartTime_est":"2019-02-03 13:00:00", "ascFanta_MatchMovement_StartTime_hkt":"2019-02-04 02:00:00", "ascFanta_MatchMovement_Status":0, "ascFanta_DayComplete":0, "ascFanta_recordKey":"3899121c-2850-11e9-80ec-000c29d02d18", "ascFanta_TimeZone":"", "ascFanta_rActive":0},
 {"idascFanta_DailyTimeSegment_NBA":39, "ascFanta_dayStart_est":"2019-02-04 03:30:00", "ascFanta_dayStart_hkt":"2019-02-04 16:30:00", "ascFanta_dayEnd_est":"2019-02-05 03:30:00", "ascFanta_dayEnd_hkt":"2019-02-05 16:30:00", "ascFanta_League":"", "ascFanta_seasonYear":"", "ascFanta_seasonStage":"", "ascFanta_BuyTrade":1, "ascFanta_BuyCost":1, "ascFanta_RCR_Window":1, "ascFanta_RCR_EndTime_est":"2019-02-04 18:00:00", "ascFanta_RCR_EndTime_hkt":"2019-02-05 07:00:00", "ascFanta_RCRManual_EndTime_est":"", "ascFanta_RCRManual_EndTime_hkt":"", "ascFanta_UTRosterCopy_StartTime_est":"2019-02-04 19:00:00", "ascFanta_UTRosterCopy_StartTime_hkt":"2019-02-05 08:00:00", "ascFanta_UTRosterCopy_Status":0, "ascFanta_RosterValueCalculation_Status":0, "ascFanta_TodayMatches":"0021800790,0021800791,0021800792,0021800793,0021800794,0021800795", "ascFanta_GameResults":"0,0,0,0,0,0", "ascFanta_GameResult_Status":0, "ascFanta_ACPCalculation":"0,0,0,0,0,0", "ascFanta_ACPCalculation_Status":0, "ascFanta_FreeTradeKey":"0", "ascFanta_FreeTradeValue":0, "ascFanta_FreeTrade_Timestamp":"2019-02-05 16:30:00", "ascFanta_PlayerMovement_StartTime_est":"2019-02-04 19:00:00", "ascFanta_PlayerMovement_StartTime_hkt":"2019-02-05 08:00:00", "ascFanta_PlayerMovement_Status":0, "ascFanta_MatchMovement_StartTime_est":"2019-02-04 19:00:00", "ascFanta_MatchMovement_StartTime_hkt":"2019-02-05 08:00:00", "ascFanta_MatchMovement_Status":0, "ascFanta_DayComplete":0, "ascFanta_recordKey":"39b5f5f0-2920-11e9-80ec-000c29d02d18", "ascFanta_TimeZone":"", "ascFanta_rActive":0},
 {"idascFanta_DailyTimeSegment_NBA":40, "ascFanta_dayStart_est":"2019-02-05 03:30:00", "ascFanta_dayStart_hkt":"2019-02-05 16:30:00", "ascFanta_dayEnd_est":"2019-02-06 03:30:00", "ascFanta_dayEnd_hkt":"2019-02-06 16:30:00", "ascFanta_League":"", "ascFanta_seasonYear":"", "ascFanta_seasonStage":"", "ascFanta_BuyTrade":1, "ascFanta_BuyCost":1, "ascFanta_RCR_Window":1, "ascFanta_RCR_EndTime_est":"2019-02-05 18:00:00", "ascFanta_RCR_EndTime_hkt":"2019-02-06 07:00:00", "ascFanta_RCRManual_EndTime_est":"", "ascFanta_RCRManual_EndTime_hkt":"", "ascFanta_UTRosterCopy_StartTime_est":"2019-02-05 19:00:00", "ascFanta_UTRosterCopy_StartTime_hkt":"2019-02-06 08:00:00", "ascFanta_UTRosterCopy_Status":0, "ascFanta_RosterValueCalculation_Status":0, "ascFanta_TodayMatches":"0021800796,0021800797,0021800798,0021800799,0021800800,0021800801,0021800802,0021800803", "ascFanta_GameResults":"0,0,0,0,0,0,0,0", "ascFanta_GameResult_Status":0, "ascFanta_ACPCalculation":"0,0,0,0,0,0,0,0", "ascFanta_ACPCalculation_Status":0, "ascFanta_FreeTradeKey":"8517bbd8-2931-11e9-80ec-000c29d02d18", "ascFanta_FreeTradeValue":2, "ascFanta_FreeTrade_Timestamp":"2019-02-05 18:33:00", "ascFanta_PlayerMovement_StartTime_est":"2019-02-05 19:00:00", "ascFanta_PlayerMovement_StartTime_hkt":"2019-02-06 08:00:00", "ascFanta_PlayerMovement_Status":0, "ascFanta_MatchMovement_StartTime_est":"2019-02-05 19:00:00", "ascFanta_MatchMovement_StartTime_hkt":"2019-02-06 08:00:00", "ascFanta_MatchMovement_Status":0, "ascFanta_DayComplete":0, "ascFanta_recordKey":"853688bb-2931-11e9-80ec-000c29d02d18", "ascFanta_TimeZone":"", "ascFanta_rActive":0},
 {"idascFanta_DailyTimeSegment_NBA":41, "ascFanta_dayStart_est":"2019-02-06 03:30:00", "ascFanta_dayStart_hkt":"2019-02-06 16:30:00", "ascFanta_dayEnd_est":"2019-02-07 03:30:00", "ascFanta_dayEnd_hkt":"2019-02-07 16:30:00", "ascFanta_League":"", "ascFanta_seasonYear":"", "ascFanta_seasonStage":"", "ascFanta_BuyTrade":1, "ascFanta_BuyCost":1, "ascFanta_RCR_Window":1, "ascFanta_RCR_EndTime_est":"2019-02-06 18:30:00", "ascFanta_RCR_EndTime_hkt":"2019-02-07 07:30:00", "ascFanta_RCRManual_EndTime_est":"", "ascFanta_RCRManual_EndTime_hkt":"", "ascFanta_UTRosterCopy_StartTime_est":"2019-02-06 19:30:00", "ascFanta_UTRosterCopy_StartTime_hkt":"2019-02-07 08:30:00", "ascFanta_UTRosterCopy_Status":0, "ascFanta_RosterValueCalculation_Status":0, "ascFanta_TodayMatches":"0021800804,0021800805,0021800806,0021800807,0021800808,0021800809,0021800810", "ascFanta_GameResults":"0,0,0,0,0,0,0", "ascFanta_GameResult_Status":0, "ascFanta_ACPCalculation":"0,0,0,0,0,0,0", "ascFanta_ACPCalculation_Status":0, "ascFanta_FreeTradeKey":"0", "ascFanta_FreeTradeValue":0, "ascFanta_FreeTrade_Timestamp":"2019-02-06 17:30:00", "ascFanta_PlayerMovement_StartTime_est":"2019-02-06 19:30:00", "ascFanta_PlayerMovement_StartTime_hkt":"2019-02-07 08:30:00", "ascFanta_PlayerMovement_Status":0, "ascFanta_MatchMovement_StartTime_est":"2019-02-06 19:30:00", "ascFanta_MatchMovement_StartTime_hkt":"2019-02-07 08:30:00", "ascFanta_MatchMovement_Status":0, "ascFanta_DayComplete":0, "ascFanta_recordKey":"e7aa24f8-29f1-11e9-9a32-000c29d02d18", "ascFanta_TimeZone":"", "ascFanta_rActive":0},
 {"idascFanta_DailyTimeSegment_NBA":42, "ascFanta_dayStart_est":"2019-02-10 03:30:00", "ascFanta_dayStart_hkt":"2019-02-10 16:30:00", "ascFanta_dayEnd_est":"2019-02-11 03:30:00", "ascFanta_dayEnd_hkt":"2019-02-11 16:30:00", "ascFanta_League":"", "ascFanta_seasonYear":"", "ascFanta_seasonStage":"", "ascFanta_BuyTrade":1, "ascFanta_BuyCost":1, "ascFanta_RCR_Window":1, "ascFanta_RCR_EndTime_est":"2019-02-10 14:00:00", "ascFanta_RCR_EndTime_hkt":"2019-02-11 03:00:00", "ascFanta_RCRManual_EndTime_est":"", "ascFanta_RCRManual_EndTime_hkt":"", "ascFanta_UTRosterCopy_StartTime_est":"2019-02-10 15:00:00", "ascFanta_UTRosterCopy_StartTime_hkt":"2019-02-11 04:00:00", "ascFanta_UTRosterCopy_Status":0, "ascFanta_RosterValueCalculation_Status":0, "ascFanta_TodayMatches":"0021800834,0021800835,0021800836,0021800837,0021800838", "ascFanta_GameResults":"0,0,0,0,0", "ascFanta_GameResult_Status":0, "ascFanta_ACPCalculation":"0,0,0,0,0", "ascFanta_ACPCalculation_Status":0, "ascFanta_FreeTradeKey":"0", "ascFanta_FreeTradeValue":0, "ascFanta_FreeTrade_Timestamp":"2019-02-11 09:06:00", "ascFanta_PlayerMovement_StartTime_est":"2019-02-10 15:00:00", "ascFanta_PlayerMovement_StartTime_hkt":"2019-02-11 04:00:00", "ascFanta_PlayerMovement_Status":0, "ascFanta_MatchMovement_StartTime_est":"2019-02-10 15:00:00", "ascFanta_MatchMovement_StartTime_hkt":"2019-02-11 04:00:00", "ascFanta_MatchMovement_Status":0, "ascFanta_DayComplete":0, "ascFanta_recordKey":"53df471b-2d99-11e9-9a32-000c29d02d18", "ascFanta_TimeZone":"", "ascFanta_rActive":0},
 {"idascFanta_DailyTimeSegment_NBA":43, "ascFanta_dayStart_est":"2019-02-11 03:30:00", "ascFanta_dayStart_hkt":"2019-02-11 16:30:00", "ascFanta_dayEnd_est":"2019-02-12 03:30:00", "ascFanta_dayEnd_hkt":"2019-02-12 16:30:00", "ascFanta_League":"", "ascFanta_seasonYear":"", "ascFanta_seasonStage":"", "ascFanta_BuyTrade":1, "ascFanta_BuyCost":1, "ascFanta_RCR_Window":1, "ascFanta_RCR_EndTime_est":"2019-02-11 18:00:00", "ascFanta_RCR_EndTime_hkt":"2019-02-12 07:00:00", "ascFanta_RCRManual_EndTime_est":"", "ascFanta_RCRManual_EndTime_hkt":"", "ascFanta_UTRosterCopy_StartTime_est":"2019-02-11 19:00:00", "ascFanta_UTRosterCopy_StartTime_hkt":"2019-02-12 08:00:00", "ascFanta_UTRosterCopy_Status":0, "ascFanta_RosterValueCalculation_Status":0, "ascFanta_TodayMatches":"0021800839,0021800840,0021800841,0021800842,0021800843,0021800844,0021800845,0021800846,0021800847", "ascFanta_GameResults":"0,0,0,0,0,0,0,0,0", "ascFanta_GameResult_Status":0, "ascFanta_ACPCalculation":"0,0,0,0,0,0,0,0,0", "ascFanta_ACPCalculation_Status":0, "ascFanta_FreeTradeKey":"0", "ascFanta_FreeTradeValue":0, "ascFanta_FreeTrade_Timestamp":"2019-02-12 15:29:00", "ascFanta_PlayerMovement_StartTime_est":"2019-02-11 19:00:00", "ascFanta_PlayerMovement_StartTime_hkt":"2019-02-12 08:00:00", "ascFanta_PlayerMovement_Status":0, "ascFanta_MatchMovement_StartTime_est":"2019-02-11 19:00:00", "ascFanta_MatchMovement_StartTime_hkt":"2019-02-12 08:00:00", "ascFanta_MatchMovement_Status":0, "ascFanta_DayComplete":0, "ascFanta_recordKey":"f407ce00-2e97-11e9-9a32-000c29d02d18", "ascFanta_TimeZone":"", "ascFanta_rActive":0},
 {"idascFanta_DailyTimeSegment_NBA":44, "ascFanta_dayStart_est":"2019-02-12 03:30:00", "ascFanta_dayStart_hkt":"2019-02-12 16:30:00", "ascFanta_dayEnd_est":"2019-02-13 03:30:00", "ascFanta_dayEnd_hkt":"2019-02-13 16:30:00", "ascFanta_League":"", "ascFanta_seasonYear":"", "ascFanta_seasonStage":"", "ascFanta_BuyTrade":1, "ascFanta_BuyCost":1, "ascFanta_RCR_Window":1, "ascFanta_RCR_EndTime_est":"2019-02-12 18:30:00", "ascFanta_RCR_EndTime_hkt":"2019-02-13 07:30:00", "ascFanta_RCRManual_EndTime_est":"", "ascFanta_RCRManual_EndTime_hkt":"", "ascFanta_UTRosterCopy_StartTime_est":"2019-02-12 19:30:00", "ascFanta_UTRosterCopy_StartTime_hkt":"2019-02-13 08:30:00", "ascFanta_UTRosterCopy_Status":0, "ascFanta_RosterValueCalculation_Status":0, "ascFanta_TodayMatches":"0021800848,0021800849,0021800850,0021800851,0021800852", "ascFanta_GameResults":"0,0,0,0,0", "ascFanta_GameResult_Status":0, "ascFanta_ACPCalculation":"0,0,0,0,0", "ascFanta_ACPCalculation_Status":0, "ascFanta_FreeTradeKey":"8d0c6e17-2f3a-11e9-bf04-000c29d02d18", "ascFanta_FreeTradeValue":2, "ascFanta_FreeTrade_Timestamp":"2019-02-13 10:53:00", "ascFanta_PlayerMovement_StartTime_est":"2019-02-12 19:30:00", "ascFanta_PlayerMovement_StartTime_hkt":"2019-02-13 08:30:00", "ascFanta_PlayerMovement_Status":0, "ascFanta_MatchMovement_StartTime_est":"2019-02-12 19:30:00", "ascFanta_MatchMovement_StartTime_hkt":"2019-02-13 08:30:00", "ascFanta_MatchMovement_Status":0, "ascFanta_DayComplete":0, "ascFanta_recordKey":"8d0e0670-2f3a-11e9-bf04-000c29d02d18", "ascFanta_TimeZone":"", "ascFanta_rActive":0},
 {"idascFanta_DailyTimeSegment_NBA":45, "ascFanta_dayStart_est":"2019-02-13 03:30:00", "ascFanta_dayStart_hkt":"2019-02-13 16:30:00", "ascFanta_dayEnd_est":"2019-02-14 03:30:00", "ascFanta_dayEnd_hkt":"2019-02-14 16:30:00", "ascFanta_League":"", "ascFanta_seasonYear":"", "ascFanta_seasonStage":"", "ascFanta_BuyTrade":1, "ascFanta_BuyCost":1, "ascFanta_RCR_Window":1, "ascFanta_RCR_EndTime_est":"2019-02-13 18:00:00", "ascFanta_RCR_EndTime_hkt":"2019-02-14 07:00:00", "ascFanta_RCRManual_EndTime_est":"", "ascFanta_RCRManual_EndTime_hkt":"", "ascFanta_UTRosterCopy_StartTime_est":"2019-02-13 19:00:00", "ascFanta_UTRosterCopy_StartTime_hkt":"2019-02-14 08:00:00", "ascFanta_UTRosterCopy_Status":0, "ascFanta_RosterValueCalculation_Status":0, "ascFanta_TodayMatches":"0021800853,0021800854,0021800855,0021800856,0021800857,0021800858,0021800861,0021800859,0021800860,0021800861,0021800862,0021800862,0021800863", "ascFanta_GameResults":"0,0,0,0,0,0,0,0,0,0,0,0,0", "ascFanta_GameResult_Status":0, "ascFanta_ACPCalculation":"0,0,0,0,0,0,0,0,0,0,0,0,0", "ascFanta_ACPCalculation_Status":0, "ascFanta_FreeTradeKey":"0", "ascFanta_FreeTradeValue":0, "ascFanta_FreeTrade_Timestamp":"2019-02-13 16:36:00", "ascFanta_PlayerMovement_StartTime_est":"2019-02-13 19:00:00", "ascFanta_PlayerMovement_StartTime_hkt":"2019-02-14 08:00:00", "ascFanta_PlayerMovement_Status":0, "ascFanta_MatchMovement_StartTime_est":"2019-02-13 19:00:00", "ascFanta_MatchMovement_StartTime_hkt":"2019-02-14 08:00:00", "ascFanta_MatchMovement_Status":0, "ascFanta_DayComplete":0, "ascFanta_recordKey":"67c83387-2f6a-11e9-bf04-000c29d02d18", "ascFanta_TimeZone":"", "ascFanta_rActive":0},
 {"idascFanta_DailyTimeSegment_NBA":46, "ascFanta_dayStart_est":"2019-02-14 03:30:00", "ascFanta_dayStart_hkt":"2019-02-14 16:30:00", "ascFanta_dayEnd_est":"2019-02-15 03:30:00", "ascFanta_dayEnd_hkt":"2019-02-15 16:30:00", "ascFanta_League":"", "ascFanta_seasonYear":"", "ascFanta_seasonStage":"", "ascFanta_BuyTrade":1, "ascFanta_BuyCost":1, "ascFanta_RCR_Window":1, "ascFanta_RCR_EndTime_est":"2019-02-14 18:00:00", "ascFanta_RCR_EndTime_hkt":"2019-02-15 07:00:00", "ascFanta_RCRManual_EndTime_est":"", "ascFanta_RCRManual_EndTime_hkt":"", "ascFanta_UTRosterCopy_StartTime_est":"2019-02-14 19:00:00", "ascFanta_UTRosterCopy_StartTime_hkt":"2019-02-15 08:00:00", "ascFanta_UTRosterCopy_Status":0, "ascFanta_RosterValueCalculation_Status":0, "ascFanta_TodayMatches":"0021800864,0021800865,0021800866", "ascFanta_GameResults":"0,0,0", "ascFanta_GameResult_Status":0, "ascFanta_ACPCalculation":"0,0,0", "ascFanta_ACPCalculation_Status":0, "ascFanta_FreeTradeKey":"0", "ascFanta_FreeTradeValue":0, "ascFanta_FreeTrade_Timestamp":"2019-02-14 16:32:00", "ascFanta_PlayerMovement_StartTime_est":"2019-02-14 19:00:00", "ascFanta_PlayerMovement_StartTime_hkt":"2019-02-15 08:00:00", "ascFanta_PlayerMovement_Status":0, "ascFanta_MatchMovement_StartTime_est":"2019-02-14 19:00:00", "ascFanta_MatchMovement_StartTime_hkt":"2019-02-15 08:00:00", "ascFanta_MatchMovement_Status":0, "ascFanta_DayComplete":0, "ascFanta_recordKey":"fdce06e8-3032-11e9-9d33-000c29d02d18", "ascFanta_TimeZone":"", "ascFanta_rActive":0},
 {"idascFanta_DailyTimeSegment_NBA":47, "ascFanta_dayStart_est":"2019-02-15 03:30:00", "ascFanta_dayStart_hkt":"2019-02-15 16:30:00", "ascFanta_dayEnd_est":"2019-02-16 03:30:00", "ascFanta_dayEnd_hkt":"2019-02-16 16:30:00", "ascFanta_League":"", "ascFanta_seasonYear":"", "ascFanta_seasonStage":"", "ascFanta_BuyTrade":1, "ascFanta_BuyCost":1, "ascFanta_RCR_Window":1, "ascFanta_RCR_EndTime_est":"2019-02-16 00:00:00", "ascFanta_RCR_EndTime_hkt":"2019-02-16 13:00:00", "ascFanta_RCRManual_EndTime_est":"", "ascFanta_RCRManual_EndTime_hkt":"", "ascFanta_UTRosterCopy_StartTime_est":"2019-02-16 00:00:00", "ascFanta_UTRosterCopy_StartTime_hkt":"2019-02-16 13:00:00", "ascFanta_UTRosterCopy_Status":0, "ascFanta_RosterValueCalculation_Status":0, "ascFanta_TodayMatches":"", "ascFanta_GameResults":"", "ascFanta_GameResult_Status":0, "ascFanta_ACPCalculation":"", "ascFanta_ACPCalculation_Status":0, "ascFanta_FreeTradeKey":"0", "ascFanta_FreeTradeValue":0, "ascFanta_FreeTrade_Timestamp":"2019-02-15 18:27:00", "ascFanta_PlayerMovement_StartTime_est":"2019-02-16 00:00:00", "ascFanta_PlayerMovement_StartTime_hkt":"2019-02-16 13:00:00", "ascFanta_PlayerMovement_Status":0, "ascFanta_MatchMovement_StartTime_est":"2019-02-16 00:00:00", "ascFanta_MatchMovement_StartTime_hkt":"2019-02-16 13:00:00", "ascFanta_MatchMovement_Status":0, "ascFanta_DayComplete":0, "ascFanta_recordKey":"49b48db6-310c-11e9-8549-000c29d02d18", "ascFanta_TimeZone":"", "ascFanta_rActive":0},
 {"idascFanta_DailyTimeSegment_NBA":48, "ascFanta_dayStart_est":"2019-02-16 03:30:00", "ascFanta_dayStart_hkt":"2019-02-16 16:30:00", "ascFanta_dayEnd_est":"2019-02-17 03:30:00", "ascFanta_dayEnd_hkt":"2019-02-17 16:30:00", "ascFanta_League":"", "ascFanta_seasonYear":"", "ascFanta_seasonStage":"", "ascFanta_BuyTrade":1, "ascFanta_BuyCost":1, "ascFanta_RCR_Window":1, "ascFanta_RCR_EndTime_est":"2019-02-17 00:00:00", "ascFanta_RCR_EndTime_hkt":"2019-02-17 13:00:00", "ascFanta_RCRManual_EndTime_est":"", "ascFanta_RCRManual_EndTime_hkt":"", "ascFanta_UTRosterCopy_StartTime_est":"2019-02-17 00:00:00", "ascFanta_UTRosterCopy_StartTime_hkt":"2019-02-17 13:00:00", "ascFanta_UTRosterCopy_Status":0, "ascFanta_RosterValueCalculation_Status":0, "ascFanta_TodayMatches":"", "ascFanta_GameResults":"", "ascFanta_GameResult_Status":0, "ascFanta_ACPCalculation":"", "ascFanta_ACPCalculation_Status":0, "ascFanta_FreeTradeKey":"0", "ascFanta_FreeTradeValue":0, "ascFanta_FreeTrade_Timestamp":"2019-02-16 16:32:00", "ascFanta_PlayerMovement_StartTime_est":"2019-02-17 00:00:00", "ascFanta_PlayerMovement_StartTime_hkt":"2019-02-17 13:00:00", "ascFanta_PlayerMovement_Status":0, "ascFanta_MatchMovement_StartTime_est":"2019-02-17 00:00:00", "ascFanta_MatchMovement_StartTime_hkt":"2019-02-17 13:00:00", "ascFanta_MatchMovement_Status":0, "ascFanta_DayComplete":0, "ascFanta_recordKey":"52eae157-31c5-11e9-8549-000c29d02d18", "ascFanta_TimeZone":"", "ascFanta_rActive":0},
 {"idascFanta_DailyTimeSegment_NBA":49, "ascFanta_dayStart_est":"2019-02-17 03:30:00", "ascFanta_dayStart_hkt":"2019-02-17 16:30:00", "ascFanta_dayEnd_est":"2019-02-18 03:30:00", "ascFanta_dayEnd_hkt":"2019-02-18 16:30:00", "ascFanta_League":"", "ascFanta_seasonYear":"", "ascFanta_seasonStage":"", "ascFanta_BuyTrade":1, "ascFanta_BuyCost":1, "ascFanta_RCR_Window":1, "ascFanta_RCR_EndTime_est":"2019-02-18 00:00:00", "ascFanta_RCR_EndTime_hkt":"2019-02-18 13:00:00", "ascFanta_RCRManual_EndTime_est":"", "ascFanta_RCRManual_EndTime_hkt":"", "ascFanta_UTRosterCopy_StartTime_est":"2019-02-18 00:00:00", "ascFanta_UTRosterCopy_StartTime_hkt":"2019-02-18 13:00:00", "ascFanta_UTRosterCopy_Status":0, "ascFanta_RosterValueCalculation_Status":0, "ascFanta_TodayMatches":"", "ascFanta_GameResults":"", "ascFanta_GameResult_Status":0, "ascFanta_ACPCalculation":"", "ascFanta_ACPCalculation_Status":0, "ascFanta_FreeTradeKey":"0", "ascFanta_FreeTradeValue":0, "ascFanta_FreeTrade_Timestamp":"2019-02-17 16:32:00", "ascFanta_PlayerMovement_StartTime_est":"2019-02-18 00:00:00", "ascFanta_PlayerMovement_StartTime_hkt":"2019-02-18 13:00:00", "ascFanta_PlayerMovement_Status":0, "ascFanta_MatchMovement_StartTime_est":"2019-02-18 00:00:00", "ascFanta_MatchMovement_StartTime_hkt":"2019-02-18 13:00:00", "ascFanta_MatchMovement_Status":0, "ascFanta_DayComplete":0, "ascFanta_recordKey":"7d91288f-328e-11e9-b3a8-000c29d02d18", "ascFanta_TimeZone":"", "ascFanta_rActive":0},
 {"idascFanta_DailyTimeSegment_NBA":50, "ascFanta_dayStart_est":"2019-02-18 03:30:00", "ascFanta_dayStart_hkt":"2019-02-18 16:30:00", "ascFanta_dayEnd_est":"2019-02-19 03:30:00", "ascFanta_dayEnd_hkt":"2019-02-19 16:30:00", "ascFanta_League":"", "ascFanta_seasonYear":"", "ascFanta_seasonStage":"", "ascFanta_BuyTrade":1, "ascFanta_BuyCost":1, "ascFanta_RCR_Window":1, "ascFanta_RCR_EndTime_est":"2019-02-19 00:00:00", "ascFanta_RCR_EndTime_hkt":"2019-02-19 13:00:00", "ascFanta_RCRManual_EndTime_est":"", "ascFanta_RCRManual_EndTime_hkt":"", "ascFanta_UTRosterCopy_StartTime_est":"2019-02-19 00:00:00", "ascFanta_UTRosterCopy_StartTime_hkt":"2019-02-19 13:00:00", "ascFanta_UTRosterCopy_Status":0, "ascFanta_RosterValueCalculation_Status":0, "ascFanta_TodayMatches":"", "ascFanta_GameResults":"", "ascFanta_GameResult_Status":0, "ascFanta_ACPCalculation":"", "ascFanta_ACPCalculation_Status":0, "ascFanta_FreeTradeKey":"0", "ascFanta_FreeTradeValue":0, "ascFanta_FreeTrade_Timestamp":"2019-02-18 16:32:00", "ascFanta_PlayerMovement_StartTime_est":"2019-02-19 00:00:00", "ascFanta_PlayerMovement_StartTime_hkt":"2019-02-19 13:00:00", "ascFanta_PlayerMovement_Status":0, "ascFanta_MatchMovement_StartTime_est":"2019-02-19 00:00:00", "ascFanta_MatchMovement_StartTime_hkt":"2019-02-19 13:00:00", "ascFanta_MatchMovement_Status":0, "ascFanta_DayComplete":0, "ascFanta_recordKey":"a75e2a53-3357-11e9-b3a8-000c29d02d18", "ascFanta_TimeZone":"", "ascFanta_rActive":0},
 {"idascFanta_DailyTimeSegment_NBA":51, "ascFanta_dayStart_est":"2019-02-19 03:30:00", "ascFanta_dayStart_hkt":"2019-02-19 16:30:00", "ascFanta_dayEnd_est":"2019-02-20 03:30:00", "ascFanta_dayEnd_hkt":"2019-02-20 16:30:00", "ascFanta_League":"", "ascFanta_seasonYear":"", "ascFanta_seasonStage":"", "ascFanta_BuyTrade":1, "ascFanta_BuyCost":1, "ascFanta_RCR_Window":1, "ascFanta_RCR_EndTime_est":"2019-02-20 00:00:00", "ascFanta_RCR_EndTime_hkt":"2019-02-20 13:00:00", "ascFanta_RCRManual_EndTime_est":"", "ascFanta_RCRManual_EndTime_hkt":"", "ascFanta_UTRosterCopy_StartTime_est":"2019-02-20 00:00:00", "ascFanta_UTRosterCopy_StartTime_hkt":"2019-02-20 13:00:00", "ascFanta_UTRosterCopy_Status":0, "ascFanta_RosterValueCalculation_Status":0, "ascFanta_TodayMatches":"", "ascFanta_GameResults":"", "ascFanta_GameResult_Status":0, "ascFanta_ACPCalculation":"", "ascFanta_ACPCalculation_Status":0, "ascFanta_FreeTradeKey":"d1f3c7e3-3420-11e9-b3a8-000c29d02d18", "ascFanta_FreeTradeValue":2, "ascFanta_FreeTrade_Timestamp":"2019-02-19 16:32:00", "ascFanta_PlayerMovement_StartTime_est":"2019-02-20 00:00:00", "ascFanta_PlayerMovement_StartTime_hkt":"2019-02-20 13:00:00", "ascFanta_PlayerMovement_Status":0, "ascFanta_MatchMovement_StartTime_est":"2019-02-20 00:00:00", "ascFanta_MatchMovement_StartTime_hkt":"2019-02-20 13:00:00", "ascFanta_MatchMovement_Status":0, "ascFanta_DayComplete":0, "ascFanta_recordKey":"d1f4ff60-3420-11e9-b3a8-000c29d02d18", "ascFanta_TimeZone":"", "ascFanta_rActive":0},
 {"idascFanta_DailyTimeSegment_NBA":52, "ascFanta_dayStart_est":"2019-02-20 03:30:00", "ascFanta_dayStart_hkt":"2019-02-20 16:30:00", "ascFanta_dayEnd_est":"2019-02-21 03:30:00", "ascFanta_dayEnd_hkt":"2019-02-21 16:30:00", "ascFanta_League":"", "ascFanta_seasonYear":"", "ascFanta_seasonStage":"", "ascFanta_BuyTrade":1, "ascFanta_BuyCost":1, "ascFanta_RCR_Window":1, "ascFanta_RCR_EndTime_est":"2019-02-21 00:00:00", "ascFanta_RCR_EndTime_hkt":"2019-02-21 13:00:00", "ascFanta_RCRManual_EndTime_est":"", "ascFanta_RCRManual_EndTime_hkt":"", "ascFanta_UTRosterCopy_StartTime_est":"2019-02-21 00:00:00", "ascFanta_UTRosterCopy_StartTime_hkt":"2019-02-21 13:00:00", "ascFanta_UTRosterCopy_Status":0, "ascFanta_RosterValueCalculation_Status":0, "ascFanta_TodayMatches":"", "ascFanta_GameResults":"", "ascFanta_GameResult_Status":0, "ascFanta_ACPCalculation":"", "ascFanta_ACPCalculation_Status":0, "ascFanta_FreeTradeKey":"0", "ascFanta_FreeTradeValue":0, "ascFanta_FreeTrade_Timestamp":"2019-02-20 16:32:00", "ascFanta_PlayerMovement_StartTime_est":"2019-02-21 00:00:00", "ascFanta_PlayerMovement_StartTime_hkt":"2019-02-21 13:00:00", "ascFanta_PlayerMovement_Status":0, "ascFanta_MatchMovement_StartTime_est":"2019-02-21 00:00:00", "ascFanta_MatchMovement_StartTime_hkt":"2019-02-21 13:00:00", "ascFanta_MatchMovement_Status":0, "ascFanta_DayComplete":0, "ascFanta_recordKey":"fc91a2a8-34e9-11e9-b3a8-000c29d02d18", "ascFanta_TimeZone":"", "ascFanta_rActive":0},
 {"idascFanta_DailyTimeSegment_NBA":53, "ascFanta_dayStart_est":"2019-02-22 03:30:00", "ascFanta_dayStart_hkt":"2019-02-22 16:30:00", "ascFanta_dayEnd_est":"2019-02-23 03:30:00", "ascFanta_dayEnd_hkt":"2019-02-23 16:30:00", "ascFanta_League":"NBA", "ascFanta_seasonYear":"2018", "ascFanta_seasonStage":"2", "ascFanta_BuyTrade":1, "ascFanta_BuyCost":1, "ascFanta_RCR_Window":1, "ascFanta_RCR_EndTime_est":"2019-02-22 18:00:00", "ascFanta_RCR_EndTime_hkt":"2019-02-23 07:00:00", "ascFanta_RCRManual_EndTime_est":"", "ascFanta_RCRManual_EndTime_hkt":"", "ascFanta_UTRosterCopy_StartTime_est":"2019-02-22 19:00:00", "ascFanta_UTRosterCopy_StartTime_hkt":"2019-02-23 08:00:00", "ascFanta_UTRosterCopy_Status":0, "ascFanta_RosterValueCalculation_Status":0, "ascFanta_TodayMatches":"0021800873,0021800874,0021800875,0021800876,0021800877,0021800878,0021800879,0021800880,0021800881", "ascFanta_GameResults":"0,0,0,0,0,0,0,0,0", "ascFanta_GameResult_Status":0, "ascFanta_ACPCalculation":"0,0,0,0,0,0,0,0,0", "ascFanta_ACPCalculation_Status":0, "ascFanta_FreeTradeKey":"0", "ascFanta_FreeTradeValue":0, "ascFanta_FreeTrade_Timestamp":"2019-02-23 09:51:00", "ascFanta_PlayerMovement_StartTime_est":"2019-02-22 19:00:00", "ascFanta_PlayerMovement_StartTime_hkt":"2019-02-23 08:00:00", "ascFanta_PlayerMovement_Status":0, "ascFanta_MatchMovement_StartTime_est":"2019-02-22 19:00:00", "ascFanta_MatchMovement_StartTime_hkt":"2019-02-23 08:00:00", "ascFanta_MatchMovement_Status":0, "ascFanta_DayComplete":0, "ascFanta_recordKey":"94f04b52-370d-11e9-b0ee-000c29d02d18", "ascFanta_TimeZone":"", "ascFanta_rActive":0},
 {"idascFanta_DailyTimeSegment_NBA":54, "ascFanta_dayStart_est":"2019-02-23 03:30:00", "ascFanta_dayStart_hkt":"2019-02-23 16:30:00", "ascFanta_dayEnd_est":"2019-02-24 03:30:00", "ascFanta_dayEnd_hkt":"2019-02-24 16:30:00", "ascFanta_League":"NBA", "ascFanta_seasonYear":"2018", "ascFanta_seasonStage":"2", "ascFanta_BuyTrade":1, "ascFanta_BuyCost":1, "ascFanta_RCR_Window":1, "ascFanta_RCR_EndTime_est":"2019-02-23 12:00:00", "ascFanta_RCR_EndTime_hkt":"2019-02-24 01:00:00", "ascFanta_RCRManual_EndTime_est":"", "ascFanta_RCRManual_EndTime_hkt":"", "ascFanta_UTRosterCopy_StartTime_est":"2019-02-23 13:00:00", "ascFanta_UTRosterCopy_StartTime_hkt":"2019-02-24 02:00:00", "ascFanta_UTRosterCopy_Status":0, "ascFanta_RosterValueCalculation_Status":0, "ascFanta_TodayMatches":"0021800882,0021800883,0021800884,0021800885,0021800886,0021800887,0021800888,0021800889,0021800890,0021800891,0021800892,0021800893", "ascFanta_GameResults":"0,0,0,0,0,0,0,0,0,0,0,0", "ascFanta_GameResult_Status":0, "ascFanta_ACPCalculation":"0,0,0,0,0,0,0,0,0,0,0,0", "ascFanta_ACPCalculation_Status":0, "ascFanta_FreeTradeKey":"0", "ascFanta_FreeTradeValue":0, "ascFanta_FreeTrade_Timestamp":"2019-02-23 16:32:00", "ascFanta_PlayerMovement_StartTime_est":"2019-02-23 13:00:00", "ascFanta_PlayerMovement_StartTime_hkt":"2019-02-24 02:00:00", "ascFanta_PlayerMovement_Status":0, "ascFanta_MatchMovement_StartTime_est":"2019-02-23 13:00:00", "ascFanta_MatchMovement_StartTime_hkt":"2019-02-24 02:00:00", "ascFanta_MatchMovement_Status":0, "ascFanta_DayComplete":0, "ascFanta_recordKey":"7c4c6003-3745-11e9-b0ee-000c29d02d18", "ascFanta_TimeZone":"", "ascFanta_rActive":0},
 {"idascFanta_DailyTimeSegment_NBA":55, "ascFanta_dayStart_est":"2019-02-24 03:30:00", "ascFanta_dayStart_hkt":"2019-02-24 16:30:00", "ascFanta_dayEnd_est":"2019-02-25 03:30:00", "ascFanta_dayEnd_hkt":"2019-02-25 16:30:00", "ascFanta_League":"NBA", "ascFanta_seasonYear":"2018", "ascFanta_seasonStage":"2", "ascFanta_BuyTrade":1, "ascFanta_BuyCost":1, "ascFanta_RCR_Window":1, "ascFanta_RCR_EndTime_est":"2019-02-24 14:30:00", "ascFanta_RCR_EndTime_hkt":"2019-02-25 03:30:00", "ascFanta_RCRManual_EndTime_est":"", "ascFanta_RCRManual_EndTime_hkt":"", "ascFanta_UTRosterCopy_StartTime_est":"2019-02-24 15:30:00", "ascFanta_UTRosterCopy_StartTime_hkt":"2019-02-25 04:30:00", "ascFanta_UTRosterCopy_Status":0, "ascFanta_RosterValueCalculation_Status":0, "ascFanta_TodayMatches":"0021800894,0021800895,0021800896", "ascFanta_GameResults":"0,0,0", "ascFanta_GameResult_Status":0, "ascFanta_ACPCalculation":"0,0,0", "ascFanta_ACPCalculation_Status":0, "ascFanta_FreeTradeKey":"0", "ascFanta_FreeTradeValue":0, "ascFanta_FreeTrade_Timestamp":"2019-02-24 16:32:00", "ascFanta_PlayerMovement_StartTime_est":"2019-02-24 15:30:00", "ascFanta_PlayerMovement_StartTime_hkt":"2019-02-25 04:30:00", "ascFanta_PlayerMovement_Status":0, "ascFanta_MatchMovement_StartTime_est":"2019-02-24 15:30:00", "ascFanta_MatchMovement_StartTime_hkt":"2019-02-25 04:30:00", "ascFanta_MatchMovement_Status":0, "ascFanta_DayComplete":0, "ascFanta_recordKey":"a6faa353-380e-11e9-b0ee-000c29d02d18", "ascFanta_TimeZone":"", "ascFanta_rActive":0},
 {"idascFanta_DailyTimeSegment_NBA":56, "ascFanta_dayStart_est":"2019-02-25 03:30:00", "ascFanta_dayStart_hkt":"2019-02-25 16:30:00", "ascFanta_dayEnd_est":"2019-02-26 03:30:00", "ascFanta_dayEnd_hkt":"2019-02-26 16:30:00", "ascFanta_League":"NBA", "ascFanta_seasonYear":"2018", "ascFanta_seasonStage":"2", "ascFanta_BuyTrade":1, "ascFanta_BuyCost":1, "ascFanta_RCR_Window":1, "ascFanta_RCR_EndTime_est":"2019-02-25 18:00:00", "ascFanta_RCR_EndTime_hkt":"2019-02-26 07:00:00", "ascFanta_RCRManual_EndTime_est":"", "ascFanta_RCRManual_EndTime_hkt":"", "ascFanta_UTRosterCopy_StartTime_est":"2019-02-25 19:00:00", "ascFanta_UTRosterCopy_StartTime_hkt":"2019-02-26 08:00:00", "ascFanta_UTRosterCopy_Status":0, "ascFanta_RosterValueCalculation_Status":0, "ascFanta_TodayMatches":"0021800897,0021800898,0021800899,0021800900,0021800901,0021800902,0021800903,0021800904,0021800905,0021800906,0021800907", "ascFanta_GameResults":"0,0,0,0,0,0,0,0,0,0,0", "ascFanta_GameResult_Status":0, "ascFanta_ACPCalculation":"0,0,0,0,0,0,0,0,0,0,0", "ascFanta_ACPCalculation_Status":0, "ascFanta_FreeTradeKey":"0", "ascFanta_FreeTradeValue":0, "ascFanta_FreeTrade_Timestamp":"2019-02-25 16:32:00", "ascFanta_PlayerMovement_StartTime_est":"2019-02-25 19:00:00", "ascFanta_PlayerMovement_StartTime_hkt":"2019-02-26 08:00:00", "ascFanta_PlayerMovement_Status":0, "ascFanta_MatchMovement_StartTime_est":"2019-02-25 19:00:00", "ascFanta_MatchMovement_StartTime_hkt":"2019-02-26 08:00:00", "ascFanta_MatchMovement_Status":0, "ascFanta_DayComplete":0, "ascFanta_recordKey":"cf6dc0c3-38d7-11e9-b0ee-000c29d02d18", "ascFanta_TimeZone":"", "ascFanta_rActive":0},
 {"idascFanta_DailyTimeSegment_NBA":57, "ascFanta_dayStart_est":"2019-02-26 03:30:00", "ascFanta_dayStart_hkt":"2019-02-26 16:30:00", "ascFanta_dayEnd_est":"2019-02-27 03:30:00", "ascFanta_dayEnd_hkt":"2019-02-27 16:30:00", "ascFanta_League":"NBA", "ascFanta_seasonYear":"2018", "ascFanta_seasonStage":"2", "ascFanta_BuyTrade":1, "ascFanta_BuyCost":1, "ascFanta_RCR_Window":1, "ascFanta_RCR_EndTime_est":"2019-02-26 18:30:00", "ascFanta_RCR_EndTime_hkt":"2019-02-27 07:30:00", "ascFanta_RCRManual_EndTime_est":"", "ascFanta_RCRManual_EndTime_hkt":"", "ascFanta_UTRosterCopy_StartTime_est":"2019-02-26 19:30:00", "ascFanta_UTRosterCopy_StartTime_hkt":"2019-02-27 08:30:00", "ascFanta_UTRosterCopy_Status":0, "ascFanta_RosterValueCalculation_Status":0, "ascFanta_TodayMatches":"0021800908,0021800909,0021800910", "ascFanta_GameResults":"0,0,0", "ascFanta_GameResult_Status":0, "ascFanta_ACPCalculation":"0,0,0", "ascFanta_ACPCalculation_Status":0, "ascFanta_FreeTradeKey":"fa1996c3-39a0-11e9-be1d-000c29d02d18", "ascFanta_FreeTradeValue":2, "ascFanta_FreeTrade_Timestamp":"2019-02-26 16:32:00", "ascFanta_PlayerMovement_StartTime_est":"2019-02-26 19:30:00", "ascFanta_PlayerMovement_StartTime_hkt":"2019-02-27 08:30:00", "ascFanta_PlayerMovement_Status":0, "ascFanta_MatchMovement_StartTime_est":"2019-02-26 19:30:00", "ascFanta_MatchMovement_StartTime_hkt":"2019-02-27 08:30:00", "ascFanta_MatchMovement_Status":0, "ascFanta_DayComplete":0, "ascFanta_recordKey":"fa25a6b8-39a0-11e9-be1d-000c29d02d18", "ascFanta_TimeZone":"", "ascFanta_rActive":0},
 {"idascFanta_DailyTimeSegment_NBA":58, "ascFanta_dayStart_est":"2019-02-27 03:30:00", "ascFanta_dayStart_hkt":"2019-02-27 16:30:00", "ascFanta_dayEnd_est":"2019-02-28 03:30:00", "ascFanta_dayEnd_hkt":"2019-02-28 16:30:00", "ascFanta_League":"NBA", "ascFanta_seasonYear":"2018", "ascFanta_seasonStage":"2", "ascFanta_BuyTrade":1, "ascFanta_BuyCost":1, "ascFanta_RCR_Window":1, "ascFanta_RCR_EndTime_est":"2019-02-27 18:00:00", "ascFanta_RCR_EndTime_hkt":"2019-02-28 07:00:00", "ascFanta_RCRManual_EndTime_est":"", "ascFanta_RCRManual_EndTime_hkt":"", "ascFanta_UTRosterCopy_StartTime_est":"2019-02-27 19:00:00", "ascFanta_UTRosterCopy_StartTime_hkt":"2019-02-28 08:00:00", "ascFanta_UTRosterCopy_Status":0, "ascFanta_RosterValueCalculation_Status":0, "ascFanta_TodayMatches":"0021800911,0021800912,0021800913,0021800914,0021800915,0021800913,0021800916,0021800917,0021800917,0021800918,0021800919,0021800920,0021800921", "ascFanta_GameResults":"0,0,0,0,0,0,0,0,0,0,0,0,0", "ascFanta_GameResult_Status":0, "ascFanta_ACPCalculation":"0,0,0,0,0,0,0,0,0,0,0,0,0", "ascFanta_ACPCalculation_Status":0, "ascFanta_FreeTradeKey":"0", "ascFanta_FreeTradeValue":0, "ascFanta_FreeTrade_Timestamp":"2019-02-27 16:32:00", "ascFanta_PlayerMovement_StartTime_est":"2019-02-27 19:00:00", "ascFanta_PlayerMovement_StartTime_hkt":"2019-02-28 08:00:00", "ascFanta_PlayerMovement_Status":0, "ascFanta_MatchMovement_StartTime_est":"2019-02-27 19:00:00", "ascFanta_MatchMovement_StartTime_hkt":"2019-02-28 08:00:00", "ascFanta_MatchMovement_Status":0, "ascFanta_DayComplete":0, "ascFanta_recordKey":"23e195ca-3a6a-11e9-927e-000c29d02d18", "ascFanta_TimeZone":"", "ascFanta_rActive":0},
 {"idascFanta_DailyTimeSegment_NBA":59, "ascFanta_dayStart_est":"2019-02-28 03:30:00", "ascFanta_dayStart_hkt":"2019-02-28 16:30:00", "ascFanta_dayEnd_est":"2019-03-01 03:30:00", "ascFanta_dayEnd_hkt":"2019-03-01 16:30:00", "ascFanta_League":"NBA", "ascFanta_seasonYear":"2018", "ascFanta_seasonStage":"2", "ascFanta_BuyTrade":1, "ascFanta_BuyCost":1, "ascFanta_RCR_Window":1, "ascFanta_RCR_EndTime_est":"2019-02-28 18:00:00", "ascFanta_RCR_EndTime_hkt":"2019-03-01 07:00:00", "ascFanta_RCRManual_EndTime_est":"", "ascFanta_RCRManual_EndTime_hkt":"", "ascFanta_UTRosterCopy_StartTime_est":"2019-02-28 19:00:00", "ascFanta_UTRosterCopy_StartTime_hkt":"2019-03-01 08:00:00", "ascFanta_UTRosterCopy_Status":0, "ascFanta_RosterValueCalculation_Status":0, "ascFanta_TodayMatches":"0021800922,0021800923,0021800924,0021800925,0021800927,0021800926,0021800927,0021800926", "ascFanta_GameResults":"0,0,0,0,0,0,0,0", "ascFanta_GameResult_Status":0, "ascFanta_ACPCalculation":"0,0,0,0,0,0,0,0", "ascFanta_ACPCalculation_Status":0, "ascFanta_FreeTradeKey":"0", "ascFanta_FreeTradeValue":0, "ascFanta_FreeTrade_Timestamp":"2019-02-28 16:32:00", "ascFanta_PlayerMovement_StartTime_est":"2019-02-28 19:00:00", "ascFanta_PlayerMovement_StartTime_hkt":"2019-03-01 08:00:00", "ascFanta_PlayerMovement_Status":0, "ascFanta_MatchMovement_StartTime_est":"2019-02-28 19:00:00", "ascFanta_MatchMovement_StartTime_hkt":"2019-03-01 08:00:00", "ascFanta_MatchMovement_Status":0, "ascFanta_DayComplete":0, "ascFanta_recordKey":"4eab7ec4-3b33-11e9-927e-000c29d02d18", "ascFanta_TimeZone":"", "ascFanta_rActive":0},
 {"idascFanta_DailyTimeSegment_NBA":60, "ascFanta_dayStart_est":"2019-03-05 03:30:00", "ascFanta_dayStart_hkt":"2019-03-05 16:30:00", "ascFanta_dayEnd_est":"2019-03-06 03:30:00", "ascFanta_dayEnd_hkt":"2019-03-06 16:30:00", "ascFanta_League":"NBA", "ascFanta_seasonYear":"2018", "ascFanta_seasonStage":"2", "ascFanta_BuyTrade":1, "ascFanta_BuyCost":1, "ascFanta_RCR_Window":1, "ascFanta_RCR_EndTime_est":"2019-03-05 18:00:00", "ascFanta_RCR_EndTime_hkt":"2019-03-06 07:00:00", "ascFanta_RCRManual_EndTime_est":"", "ascFanta_RCRManual_EndTime_hkt":"", "ascFanta_UTRosterCopy_StartTime_est":"2019-03-05 19:00:00", "ascFanta_UTRosterCopy_StartTime_hkt":"2019-03-06 08:00:00", "ascFanta_UTRosterCopy_Status":0, "ascFanta_RosterValueCalculation_Status":0, "ascFanta_TodayMatches":"0021800959,0021800960,0021800961,0021800962,0021800963,0021800964", "ascFanta_GameResults":"0,0,0,0,0,0", "ascFanta_GameResult_Status":0, "ascFanta_ACPCalculation":"0,0,0,0,0,0", "ascFanta_ACPCalculation_Status":0, "ascFanta_FreeTradeKey":"252c62e0-3f21-11e9-b5c9-000c29d02d18", "ascFanta_FreeTradeValue":2, "ascFanta_FreeTrade_Timestamp":"2019-03-05 16:32:00", "ascFanta_PlayerMovement_StartTime_est":"2019-03-05 19:00:00", "ascFanta_PlayerMovement_StartTime_hkt":"2019-03-06 08:00:00", "ascFanta_PlayerMovement_Status":0, "ascFanta_MatchMovement_StartTime_est":"2019-03-05 19:00:00", "ascFanta_MatchMovement_StartTime_hkt":"2019-03-06 08:00:00", "ascFanta_MatchMovement_Status":0, "ascFanta_DayComplete":0, "ascFanta_recordKey":"254144c0-3f21-11e9-b5c9-000c29d02d18", "ascFanta_TimeZone":"", "ascFanta_rActive":1}]