[{"idascFanta_UserRoster":1, "ascFanta_TeamID":"alfhello", "ascFanta_TeamName":"G", "ascFanta_RegDate":"101", "ascFanta_XchPos":"", "ascFanta_fmPIayerID":"", "ascFanta_toPlayerID":"", "ascFanta_XchType":"", "ascFanta_TradeToken":0, "ascFanta_TokenKey":"", "ascFanta_TradeTimestamp":""},
 {"idascFanta_UserRoster":2, "ascFanta_TeamID":"alfhello", "ascFanta_TeamName":"G", "ascFanta_RegDate":"102", "ascFanta_XchPos":"", "ascFanta_fmPIayerID":"", "ascFanta_toPlayerID":"", "ascFanta_XchType":"", "ascFanta_TradeToken":0, "ascFanta_TokenKey":"", "ascFanta_TradeTimestamp":""},
 {"idascFanta_UserRoster":3, "ascFanta_TeamID":"alfhello", "ascFanta_TeamName":"F", "ascFanta_RegDate":"201", "ascFanta_XchPos":"", "ascFanta_fmPIayerID":"", "ascFanta_toPlayerID":"", "ascFanta_XchType":"", "ascFanta_TradeToken":0, "ascFanta_TokenKey":"", "ascFanta_TradeTimestamp":""},
 {"idascFanta_UserRoster":4, "ascFanta_TeamID":"alfhello", "ascFanta_TeamName":"F", "ascFanta_RegDate":"202", "ascFanta_XchPos":"", "ascFanta_fmPIayerID":"", "ascFanta_toPlayerID":"", "ascFanta_XchType":"", "ascFanta_TradeToken":0, "ascFanta_TokenKey":"", "ascFanta_TradeTimestamp":""},
 {"idascFanta_UserRoster":5, "ascFanta_TeamID":"alfhello", "ascFanta_TeamName":"C", "ascFanta_RegDate":"301", "ascFanta_XchPos":"", "ascFanta_fmPIayerID":"", "ascFanta_toPlayerID":"", "ascFanta_XchType":"", "ascFanta_TradeToken":0, "ascFanta_TokenKey":"", "ascFanta_TradeTimestamp":""},
 {"idascFanta_UserRoster":6, "ascFanta_TeamID":"alfhello", "ascFanta_TeamName":"6", "ascFanta_RegDate":"601", "ascFanta_XchPos":"", "ascFanta_fmPIayerID":"", "ascFanta_toPlayerID":"", "ascFanta_XchType":"", "ascFanta_TradeToken":0, "ascFanta_TokenKey":"", "ascFanta_TradeTimestamp":""}]