[{"idascUser":71, "asc_userID":"pianist.nicole@gmail.com", "ascFanta_TeamName":"piano", "asc_passWd":"45678", "asc_userName":"pianist.nicole", "asc_userKey":"4357e3a6-10f0-11e8-9f76-000c29d02d18", "asc_userRegDT":"2019-01-27 00:00:00", "asc_ACVerified":"", "asc_userVerifyDT":"", "asc_forgetWd":0, "asc_userNation":"", "asc_userDOB":"1977-10-30", "asc_userGender":"F", "asc_userLiving":"\u5143\u6717\u5340", "asc_userSchool":"\u8056\u516c\u6703\u8056\u99ac\u592a\u5c0f\u5b78", "asc_userGrade":"S03", "asc_userTerms":"1", "asc_userAdsRemove":"1", "asc_rActive":1, "asc_rStatus":"LIVE"},
 {"idascUser":89, "asc_userID":"alf.96037422@gmail.com", "ascFanta_TeamName":"treeroot", "asc_passWd":"123456", "asc_userName":"alfhello", "asc_userKey":"bcea261a-204f-11e9-b4c3-000c29d02d18", "asc_userRegDT":"2019-01-25 00:00:00", "asc_ACVerified":"", "asc_userVerifyDT":"", "asc_forgetWd":0, "asc_userNation":"", "asc_userDOB":"", "asc_userGender":"M", "asc_userLiving":"", "asc_userSchool":"", "asc_userGrade":"", "asc_userTerms":"", "asc_userAdsRemove":"", "asc_rActive":1, "asc_rStatus":"LIVE"},
 {"idascUser":90, "asc_userID":"asc.develop@gmail.com", "ascFanta_TeamName":"comeon", "asc_passWd":"13579", "asc_userName":"comeon", "asc_userKey":"0afb5c15-358a-11e9-b3a8-000c29d02d18", "asc_userRegDT":"2019-02-20 00:00:00", "asc_ACVerified":"", "asc_userVerifyDT":"", "asc_forgetWd":0, "asc_userNation":"", "asc_userDOB":"", "asc_userGender":"M", "asc_userLiving":"", "asc_userSchool":"", "asc_userGrade":"", "asc_userTerms":"", "asc_userAdsRemove":"", "asc_rActive":1, "asc_rStatus":"LIVE"},
 {"idascUser":91, "asc_userID":"", "ascFanta_TeamName":"t1", "asc_passWd":"11111", "asc_userName":"t1a", "asc_userKey":"e03ac06a-3b09-11e9-927e-000c29d02d18", "asc_userRegDT":"2019-02-20 00:00:00", "asc_ACVerified":"", "asc_userVerifyDT":"", "asc_forgetWd":0, "asc_userNation":"", "asc_userDOB":"", "asc_userGender":"", "asc_userLiving":"", "asc_userSchool":"", "asc_userGrade":"", "asc_userTerms":"", "asc_userAdsRemove":"", "asc_rActive":1, "asc_rStatus":"LIVE"},
 {"idascUser":92, "asc_userID":"", "ascFanta_TeamName":"t2", "asc_passWd":"22222", "asc_userName":"t2a", "asc_userKey":"e03f3b69-3b09-11e9-927e-000c29d02d18", "asc_userRegDT":"2019-02-20 00:00:00", "asc_ACVerified":"", "asc_userVerifyDT":"", "asc_forgetWd":0, "asc_userNation":"", "asc_userDOB":"", "asc_userGender":"", "asc_userLiving":"", "asc_userSchool":"", "asc_userGrade":"", "asc_userTerms":"", "asc_userAdsRemove":"", "asc_rActive":1, "asc_rStatus":"LIVE"},
 {"idascUser":93, "asc_userID":"", "ascFanta_TeamName":"t3", "asc_passWd":"33333", "asc_userName":"t3a", "asc_userKey":"e0404185-3b09-11e9-927e-000c29d02d18", "asc_userRegDT":"2019-02-20 00:00:00", "asc_ACVerified":"", "asc_userVerifyDT":"", "asc_forgetWd":0, "asc_userNation":"", "asc_userDOB":"", "asc_userGender":"", "asc_userLiving":"", "asc_userSchool":"", "asc_userGrade":"", "asc_userTerms":"", "asc_userAdsRemove":"", "asc_rActive":1, "asc_rStatus":"LIVE"},
 {"idascUser":94, "asc_userID":"", "ascFanta_TeamName":"t4", "asc_passWd":"44444", "asc_userName":"t4a", "asc_userKey":"e041e1e8-3b09-11e9-927e-000c29d02d18", "asc_userRegDT":"2019-02-20 00:00:00", "asc_ACVerified":"", "asc_userVerifyDT":"", "asc_forgetWd":0, "asc_userNation":"", "asc_userDOB":"", "asc_userGender":"", "asc_userLiving":"", "asc_userSchool":"", "asc_userGrade":"", "asc_userTerms":"", "asc_userAdsRemove":"", "asc_rActive":1, "asc_rStatus":"LIVE"},
 {"idascUser":95, "asc_userID":"", "ascFanta_TeamName":"t5", "asc_passWd":"55555", "asc_userName":"t5a", "asc_userKey":"e042a8d6-3b09-11e9-927e-000c29d02d18", "asc_userRegDT":"2019-02-20 00:00:00", "asc_ACVerified":"", "asc_userVerifyDT":"", "asc_forgetWd":0, "asc_userNation":"", "asc_userDOB":"", "asc_userGender":"", "asc_userLiving":"", "asc_userSchool":"", "asc_userGrade":"", "asc_userTerms":"", "asc_userAdsRemove":"", "asc_rActive":1, "asc_rStatus":"LIVE"}]